smiles,y
[Cl].CC(C)NCC(O)COc1cccc2ccccc12,1
C(=O)(OC(C)(C)C)CCCc1ccc(cc1)N(CCCl)CCCl,1
c12c3c(N4CCN(C)CC4)c(F)cc1c(c(C(O)=O)cn2C(C)CO3)=O,1
C1CCN(CC1)Cc1cccc(c1)OCCCNC(=O)C,1
Cc1onc(c2ccccc2Cl)c1C(=O)N[C@H]3[C@H]4SC(C)(C)[C@@H](N4C3=O)C(O)=O,1
COc1ccc(cc1)[C@@H]2Sc3ccccc3N(CCN(C)C)C(=O)[C@@H]2OC(C)=O,1
NC(N)=NC(=O)c1nc(Cl)c(N)nc1N,1
OCC(C)(O)c1onc(c2ncn3c2CN(C)C(c4c3cccc4Cl)=O)n1,0
CC1=CN([C@H]2C[C@H](F)[C@@H](CO)O2)C(=O)NC1=O,1
C(Cl)Cl,1
C1N(C(CC2CCCCC12)C(NC(C)(C)C)=O)CC(C(Cc1ccccc1)NC(C(NC(c1nc2c(cccc2)cc1)=O)CC(N)=O)=O)O,1
CCC(=O)C(CC(C)N(C)C)(c1ccccc1)c2ccccc2,1
CCN1N=NN(CCN2CCC(CC2)(COC)N(C(=O)CC)c3ccccc3)C1=O,1
CN(C)C(=O)C(CCN1CCC(O)(CC1)c1ccc(Cl)cc1)(c1ccccc1)c1ccccc1,1
CN1C2CCC1CC(C2)OC(=O)[C@H](CO)c3ccccc3,1
CCCC(C)C,1
C[C@H](N)Cc1ccccc1,1
c1cc2c(cc(CC3=CNC(=NC3=O)NCCSCc3oc(cc3)CN(C)C)cc2)cc1,0
CC(C)(C)NCC(O)COc1cccc2C[C@@H](O)[C@@H](O)Cc12,1
CCNC(=NC#N)NCCSCc1c(cccn1)Br,0
CN(C)C(=O)Cc1n2cc(C)ccc2nc1c3ccc(C)cc3,1
FC(F)(F)c1c(Cl)nc(N2CCNCC2)cc1,1
CCCC(C)C1(CC)C(=O)NC(=O)NC1=O,1
C[C@H]1COc2c(N3CCN(C)CC3)c(F)cc4C(=O)C(=CN1c24)C(O)=O,1
c1ccc(C(NCCCOc2cc(CN3CCCCC3)ccc2)=O)cc1,1
CC(C)(C)OC(=O)C1=C2CN(C(=O)C3=C(N2C=N1)C=CS3)C,1
CCC(=O)N(C1CCN(CC1)CCc2ccccc2)c3ccccc3,1
CCOC(=O)c1cncn1C(C)c2ccccc2,1
CN1CCN(CCCN2c3ccccc3Sc4ccc(Cl)cc24)CC1,1
O=C(C)Nc1cc(c2csc(N=C(N)N)n2)ccc1,0
C[S](=O)(=O)c1ccc(cc1)[C@@H](O)[C@@H](CO)NC(=O)C(Cl)Cl,1
c1ccc(cc1)c1csc(n1)N=C(N)N,1
CC(N)COc1c(C)cccc1C,1
CCC(=O)O[C@@](Cc1ccccc1)([C@H](C)CN(C)C)c2ccccc2,1
ClC1=CC=C(C2=C1)SC3=C(N2CCCNC)C=CC=C3,1
Cn1nnnc1SCC2=C(N3[C@H](SC2)[C@H](NC(=O)[C@H](O)c4ccccc4)C3=O)C(O)=O,1
n(ccc1)c(c1)CCN(C)C,1
O=C1N(CCC1)CCCCN2CCN(CC2)c3cc(C(F)(F)F)ccn3,1
COc1ccc2nccc([C@H](O)[C@H]3C[C@@H]4CCN3C[C@@H]4C=C)c2c1,1
c1(ccccc1)CC,1
c1ccc(cc1N)c1csc(n1)N=C(N)N,1
CC[C@]1(O)C[C@H]2CN(CCc3c([nH]c4ccccc34)[C@@](C2)(C(=O)OC)c5cc6c(cc5OC)N(C)[C@H]7[C@](O)([C@H](OC(C)=O)[C@]8(CC)C=CCN9CC[C@]67[C@H]89)C(=O)OC)C1,1
c1(c(cc(NC(CCC)=O)cc1)C(C)=O)OCC(CNC(C)C)O,1
ClC1=CC=C(SC(C=CC=C2)=C2N3CCCN)C3=C1,1
CNC(=NC#N)Nc1cccc(c1)c1csc(n1)N=C(N)N,0
n(ccc1)c(c1)CCNC,1
[Cl-].CN[C@H]1CC[C@@H](c2ccc(Cl)c(Cl)c2)c3ccccc13.[H+],1
CC[C@]1(O)C[C@H]2CN(CCc3c([nH]c4ccccc34)[C@@](C2)(C(=O)OC)c5cc6c(cc5OC)N(C=O)[C@H]7[C@](O)([C@H](OC(C)=O)[C@]8(CC)C=CCN9CC[C@]67[C@H]89)C(=O)OC)C1,1
CCC(NC(=O)c1c(c(nc2c1cccc2)c1ccccc1)C)c1ccccc1,1
CNCCCC12CCC(c3ccccc13)c4ccccc24,1
N1(Cc2cc(OCCCNc3nccs3)ccc2)CCCCC1,1
OC(C)(C)c1onc(c2ncn3c2CN(C)C(c4c3cccc4Cl)=O)n1,0
[Na+].CO\N=C(C(=O)N[C@@H]1[C@@H]2SCC(=C(N2C1=O)C([O-])=O)COC(C)=O)\c3csc(N)n3,1
C1=CC=C2C(=C1)C3C(O3)C4=CC=CC=C4N2C(=O)N,1
C1CCCCC1,1
Cc1csc(n1)N=C(N)N,1
CCCN(CCc1c2c(c(cc1)O)NC(=O)C2)CCC,1
Clc1cc2c(Oc3ccccc3C3CN(CC32)C)cc1,1
CO/N=C(C(=O)N[C@H]1[C@H]2SCC(=C(N2C1=O)C(O)=O)COC(N)=O)/c3occc3,1
N1(Cc2cc(OCCCNc3oc4ccccc4n3)ccc2)CCCCC1,1
OC12c3c(Oc4c(C)cccc4C2CN(CC1)C)cccc3,1
[O-][N+](C1=CC=NC1NCCSCc2ccccn2)=O,1
c12c(nc([nH]1)NC(OC)=O)cc(SCCC)cc2,1
c1cccn2c1nc(c2)CCN,0
Cc1ncc(n1CC(O)CCl)[N+]([O-])=O,1
CCCN(CCc1c2c(ccc1)NC(=O)C2)CCC,1
Clc1cc2c(Oc3ccccc3C3CNCC32)cc1,1
CN(CCC=C1c2ccccc2CCc2ccccc12)C,1
N1(Cc2cccc(OCCCNc3ccccn3)c2)CCCCC1,1
OC12c3c(Oc4c(C)cccc4C2CNCC1)cccc3,1
[O-][N+](C1=CC=NC1NCCSCc2ncccc2Br)=O,1
c12c3c(C(NC(C)=O)CCc2cc(c(c1OC)OC)OC)cc(=O)c(cc3)OC,1
C1CCN(CC1)Cc1cc(OCCCO)ccc1,1
Cc1ncsc1CCCl,1
CCN(CC)C(=O)Nc1ccc(OCC(O)CNC(C)(C)C)c(c1)C(C)=O,1
ClCC(F)(F)F,1
CN1C(=O)c2c(cccc2Cl)n2cnc(c2C1)c1noc(n1)C(C)C,1
CO[C@]1(NC(=O)Cc2sccc2)[C@H]3SCC(=C(N3C1=O)C(O)=O)COC(N)=O,1
NC(CC=C)c1ccccc1c2noc3c2cccc3,1
OC1C(N2CCC1)=NC(C)=C(CCN3CCC(CC3)c4c5ccc(F)cc5on4)C2=O,1
CC(=O)Nc1ccc(O)cc1,1
CC(=O)Oc1ccccc1C(O)=O,0
O.O.O.CC1(C)S[C@@H]2[C@H](NC(=O)[C@H](N)c3ccc(O)cc3)C(=O)N2[C@H]1C(O)=O,0
CC1(C)S[C@@H]2[C@H](NC(=O)[C@H](N)c3ccccc3)C(=O)N2[C@H]1C(O)=O,0
C[C@]1(O)CC[C@H]2[C@@H]3CCC4=CC(=O)CC[C@]4(C)[C@H]3CC[C@]12C,0
OC1N=C(c2ccccc2)c3cc(Cl)ccc3NC1=O,1
COc1ccc2C[C@H]3N(C)CC[C@@]45[C@@H](Oc1c24)C(=O)CC[C@@]35O,1
CN1CC[C@]23[C@H]4Oc5c(O)ccc(C[C@@H]1[C@]2(O)CCC4=O)c35,1
NC1=NC(=O)C(O1)c2ccccc2,1
C[C@@H]1[C@H]2Cc3ccc(O)cc3[C@]1(C)CCN2CC=C(C)C,1
CCc1cc(ccn1)C(N)=S,1
NC(N)=Nc1scc(CSCCC(N)=N[S](N)(=O)=O)n1,1
[Na+].[Na+].[Na+].[O-]C(=O)[P]([O-])([O-])=O,1
NCC1(CCCCC1)CC(O)=O,1
CN1C2CCC1CC(C2)OC(=O)C(CO)c3ccccc3,0
[Cl-].CN(C)[C@H]1[C@@H]2C[C@H]3C(=C(O)c4c(O)ccc(Cl)c4[C@@]3(C)O)C(=O)[C@]2(O)C(=O)\C(=C(N)/O)C1=O.[H+],0
C[C@H]1C[C@H]2[C@@H]3CCC4=CC(=O)C=C[C@]4(C)[C@@]3(F)[C@@H](O)C[C@]2(C)[C@@]1(O)C(=O)CO,0
CC1(C)S[C@@H]2[C@H](NC(=O)C(C(O)=O)c3ccccc3)C(=O)N2[C@H]1C(O)=O,0
C[C@@](Cc1ccc(O)c(O)c1)(NN)C(O)=O,0
[Na+].Cc1sc(SCC2=C(N3[C@H](SC2)[C@H](NC(=O)Cn4cnnn4)C3=O)C([O-])=O)nn1,0
OC(=O)CCCc1ccc(cc1)N(CCCl)CCCl,0
CCCN1C[C@H](CSC)C[C@H]2[C@H]1Cc3c[nH]c4cccc2c34,1
CN1CCN(CC1)C2=Nc3ccccc3Cc4ccccc24,1
OCCN1CCN(CCCN2c3ccccc3Sc4ccc(Cl)cc24)CC1,1
CCOC(=O)C1(CCN(C)CC1)c2ccccc2,1
NNCCc1ccccc1.O[S](O)(=O)=O,1
CCC1(C(=O)NC(=O)NC1=O)c2ccccc2,1
NC(=O)OCCCc1ccccc1,1
CNC(=O)Oc1ccc2N(C)[C@H]3N(C)CC[C@@]3(C)c2c1,1
NCC(O)c1ccc(O)c(O)c1,0
Cc1onc(c2ccccc2)c1C(=O)N[C@H]3[C@H]4SC(C)(C)[C@@H](N4C3=O)C(O)=O,0
CC1(C)S[C@@H]2[C@H](NC(=O)COc3ccccc3)C(=O)N2[C@H]1C([O-])=O,0
OCC(NC(=O)C(Cl)Cl)C(O)c1ccc(cc1)[N+]([O-])=O,0
CCCNC(=O)N[S](=O)(=O)c1ccc(Cl)cc1,0
CN(C)[C@H]1[C@@H]2C[C@H]3C(=C(O)c4c(O)ccc(Cl)c4[C@@]3(C)O)C(=O)[C@]2(O)C(=O)\C(=C(N)/O)C1=O,0
CCOC(=O)C(C)(C)Oc1ccc(Cl)cc1,0
CC(C)(Oc1ccc(Cl)cc1)C(O)=O,0
C[C@]12C[C@H](O)[C@H]3[C@@H](CCC4=CC(=O)CC[C@]34C)[C@@H]1CC[C@@H]2C(=O)CO,0
C[C@]12CCC(=O)C=C1CC[C@H]3[C@@H]4CC[C@](O)(C(=O)CO)[C@@]4(C)CC(=O)[C@H]23,0
Fc1ccc(cc1)C(CCCN2CCC(CC2)N3C(=O)Nc4ccccc34)c5ccc(F)cc5,1
NC(=O)C1(CCN(CCCC(=O)c2ccc(F)cc2)CC1)N3CCCCC3,1
Clc1ccc2N(CC3CC3)C(=O)CN=C(c4ccccc4)c2c1,1
CC(=O)[C@H]1CC[C@H]2[C@@H]3CC[C@@H]4C[C@H](O)CC[C@]4(C)[C@H]3CC[C@]12C,1
CCN(CC)CCOC(=O)c1ccc(N)cc1,1
CN(C)CCCN1c2ccccc2Sc3ccccc13,1
CC(C)NCC(O)COc1cccc2[nH]ccc12,1
COc1cc(NCc2ccc3nc(N)nc(N)c3c2C)cc(OC)c1OC,0
NC(CO)(CO)CO,0
NC(N)=O,1
O=C1Oc2ccccc2C=C1,0
OC1=C(CC2=C(O)Oc3ccccc3C2=O)C(=O)c4ccccc4O1,0
C[C@H]1O[C@H](C[C@H](O)[C@@H]1O)O[C@H]2[C@@H](O)C[C@@H](O[C@@H]2C)O[C@H]3[C@@H](O)C[C@@H](O[C@@H]3C)O[C@H]4CC[C@@]5(C)[C@H](CC[C@@H]6[C@@H]5CC[C@]7(C)[C@@H](CC[C@]67O)C8=CC(=O)OC8)C4,0
C[C@H]1O[C@H](C[C@H](O)[C@@H]1O)O[C@H]2[C@@H](O)C[C@@H](O[C@@H]2C)O[C@H]3[C@@H](O)C[C@@H](O[C@@H]3C)O[C@H]4CC[C@@]5(C)[C@H](CC[C@@H]6[C@@H]5C[C@@H](O)[C@]7(C)[C@H](CC[C@]67O)C8=CC(=O)OC8)C4,0
CC(CN1c2ccccc2Sc3ccccc13)N(C)C,1
CCC(=O)c1ccc2Sc3ccccc3N(CC(C)N(C)C)c2c1,1
CC(C)c1cccc(C(C)C)c1O,1
CNCCCC1c2ccccc2C=Cc3ccccc13,1
Fc1ccccc1C2=NCC(=S)N(CC(F)(F)F)c3ccc(Cl)cc23,1
CO[C@H]1[C@@H](C[C@@H]2CN3CCc4c([nH]c5cc(OC)ccc45)[C@H]3C[C@@H]2[C@@H]1C(=O)OC)OC(=O)c6cc(OC)c(OC)c(OC)c6,1
CCCC(C)C1(CC=C)C(=O)NC(=O)NC1=O,1
OC(=O)CCCCCCCC(O)=O,0
[Cl-].CC(C[N+](C)(C)C)OC(N)=O,0
c12[C@]34[C@@]56[C@H]([N@@](CC7CC7)CC4)Cc2ccc(c1O[C@H]3[C@](OC)([C@H](C5)[C@](C(C)(C)C)(C)O)CC6)O,1
NCCc1ccc(O)c(O)c1,0
COc1cccc2C(=O)c3c(O)c4C[C@](O)(C[C@H](O[C@H]5C[C@H](N)[C@H](O)[C@H](C)O5)c4c(O)c3C(=O)c12)C(=O)CO,0
O.C[C@@H]1[C@H]2[C@H](O)[C@H]3[C@H](N(C)C)C(=O)C(=C(N)/O)/C(=O)[C@@]3(O)C(=O)C2=C(O)c4c(O)cccc14,0
Clc1ccc(COC(Cn2ccnc2)c3ccc(Cl)cc3Cl)cc1,0
CN[C@@H](C)[C@H](O)c1ccccc1,0
CNC[C@H](O)c1ccc(O)c(O)c1,0
CC[C@H]1OC(=O)[C@H](C)[C@@H](O[C@H]2C[C@@](C)(OC)[C@@H](O)[C@H](C)O2)[C@H](C)[C@@H](O[C@@H]3O[C@H](C)C[C@@H]([C@H]3O)N(C)C)[C@](C)(O)C[C@@H](C)C(=O)[C@H](C)[C@@H](O)[C@]1(C)O,0
C[C@]12CC[C@H]3[C@@H](CCc4cc(O)ccc34)[C@@H]1CC[C@@H]2O,0
Nc1c2CCCCc2nc3ccccc13,1
CN1C(=O)C(O)N=C(c2ccccc2)c3cc(Cl)ccc13,1
COc1cc2CCN3CC(CC(C)C)C(=O)CC3c2cc1OC,1
CCSc1ccc2Sc3ccccc3N(CCCN4CCN(C)CC4)c2c1,1
CSc1ccc2Sc3ccccc3N(CCC4CCCCN4C)c2c1,1
CN1CCN(CC/C=C/2c3ccccc3Sc4ccc(cc24)[S](=O)(=O)N(C)C)CC1,1
[Cl-].N[C@@H]1C[C@H]1c2ccccc2.[H+],1
C[S](=O)(=O)OCCCCO[S](C)(=O)=O,1
Nc1nc(Cl)nc2n(cnc12)[C@H]3C[C@H](O)[C@@H](CO)O3,1
CCC(=C)C(=O)c1ccc(OCC(O)=O)c(Cl)c1Cl,0
C[C@]12CC[C@H]3[C@@H](CCc4cc(O)ccc34)[C@@H]1CC[C@@]2(O)C#C,0
OC[C@H]1O[C@H](C[C@@H]1O)N2C=C(F)C(=O)NC2=O,0
Cc1onc(c1C(=O)N[C@H]2[C@H]3SC(C)(C)[C@@H](N3C2=O)C(O)=O)c4c(F)cccc4Cl,0
NC1=NC(=O)c2ncn(COC(CO)CO)c2N1,0
OC1(CCN(CCCC(=O)c2ccc(F)cc2)CC1)c3cccc(c3)C(F)(F)F,1
CN(C)CCCN1c2ccccc2Sc3ccc(cc13)C(F)(F)F,1
CN1CCN(CCCN2c3ccccc3Sc4ccc(cc24)C(F)(F)F)CC1,1
CC(CN(C)C)CN1c2ccccc2CCc3ccccc13,1
CCCCNC(=O)OCC(C)(CCC)COC(N)=O,1
OCC1OC(C(O)C1O)N2C=CC(=O)NC2=O,1
CCCC(CCC)C(O)=O,1
CN(C)C/C=C(/c1ccc(Br)cc1)c2cccnc2,1
COC1=CC=C2C(=CC1=O)[C@H](CCc3cc(OC)c(OC)c(OC)c23)NC(C)=O,0
NC(=O)NO,1
[Br-].CC(C)[N+]1(C)C2CCC1CC(C2)OC(=O)C(CO)c3ccccc3,0
NC(N)=N\N=C\c1c(Cl)cccc1Cl,0
CN1C2CCC1CC(C2)OC(=O)C(O)c3ccccc3,0
N[S](=O)(=O)c1cc2c(NCN[S]2(=O)=O)cc1Cl,0
C[C@]12CCC(=O)C=C1CC[C@H]3[C@@H]4CC[C@](O)(C(=O)CO)[C@@]4(C)C[C@H](O)[C@H]23,0
N[S](=O)(=O)c1cc2c(NCN[S]2(=O)=O)cc1C(F)(F)F,0
CC(C)Cc1ccc(cc1)C(C)C(O)=O,0
COc1ccc2n(c(C)c(CC(O)=O)c2c1)C(=O)c3ccc(Cl)cc3,0
c12c(c(ccc1)Cl)C(N(Cc1n2cnc1c1nc(on1)[C@](CO)(C)O)C)=O,0
NCCc1cn2c(n1)cccc2,0
c1(c2c(cc(F)cc2)on1)C1CCN(CCc2c(n3c([C@@H](CCC3)O)nc2C)=O)CC1,1
Cc1nnc2CN=C(c3ccccc3)c4cc(Cl)ccc4n12,1
ClCCNC(=O)N(CCCl)N=O,1
NCC1OC(OC2C(N)CC(N)C(OC3OC(CO)C(O)C(N)C3O)C2O)C(O)C(O)C1O,0
CC(C(O)=O)c1cccc(c1)C(=O)c2ccccc2,1
C[C@H](N)[C@H](O)c1cccc(O)c1,0
NNC(=O)c1ccncc1,0
CC(C)NCC(O)c1ccc(O)c(O)c1,0
CC(CCc1ccccc1)NCC(O)c2ccc(O)c(c2)C(N)=O,0
N[C@@H](Cc1ccc(O)c(O)c1)C(O)=O,0
OCC(O)C(O)C(O)C(O)CO,0
CN(C)C1C2C(O)C3C(=C)c4c(Cl)ccc(O)c4C(=C3C(=O)C2(O)C(=O)\C(=C(N)/O)C1=O)O,0
Cc1ccc(Cl)c(Nc2ccccc2C(O)=O)c1Cl,0
Cc1cccc(Nc2ccccc2C(O)=O)c1C,0
CN=C(NCCSCc1nc[nH]c1C)NC#N,0
Clc1cccc(Cl)c1NC2=NCCN2,1
COCCc1ccc(OCC(O)CNC(C)C)cc1,1
Cc1ncc(n1CCO)[N+]([O-])=O,1
Clc1ccc(cc1)C(=O)NCCN2CCOCC2,1
[Br-].CC(C)[N+](C)(CCOC(=O)C1c2ccccc2Oc3ccccc13)C(C)C,0
NC(=O)c1cnccn1,1
COc1ccc2nccc([C@@H](O)[C@@H]3C[C@H]4CCN3C[C@@H]4C=C)c2c1,0
NC(Cc1ccc(cc1)N(CCCl)CCCl)C(O)=O,0
C1CN2CCC1C(C2)CN3c4ccccc4Sc5ccccc35,0
COc1ccc2[C@H]3CC[C@@]4(C)[C@@H](CC[C@@]4(O)C#C)[C@@H]3CCc2c1,0
CC[N+](C)(CC)CCOC(=O)C1c2ccccc2Oc3ccccc13,0
CN1C(CCl)Nc2cc(Cl)c(cc2[S]1(=O)=O)[S](N)(=O)=O,0
C[C@](N)(Cc1ccc(O)c(O)c1)C(O)=O,0
[Cl-].[Cl-].[Cl-].COc1cccnc1CCCCNC2=NC=C(Cc3ccc(C)nc3)C(=O)N2.[H+].[H+].[H+],0
CC(C)c1onc(n1)c2ncn3c2CN(C)C(=O)c4c(Cl)cccc34,1
Cc1ncc2CN=C(c3ccccc3F)c4cc(Cl)ccc4n12,1
CC(C)(C)NC(=O)[C@@H]1C[C@@H]2CCCC[C@@H]2CN1C[C@@H](O)[C@H](Cc3ccccc3)NC(=O)[C@H](CC(N)=O)NC(=O)c4ccc5ccccc5n4,0
FCOC(C(F)(F)F)C(F)(F)F,1
[Na+].CC(=O)Nc1c(I)c(NC(C)=O)c(I)c(C([O-])=O)c1I,0
CC(C)NCC(O)c1ccc(N[S](C)(=O)=O)cc1,1
CN[C@H]1[C@H](O)[C@@H](O)[C@H](CO)O[C@H]1O[C@H]2[C@@H](O[C@@H](C)[C@]2(O)C=O)O[C@H]3[C@H](O)[C@@H](O)[C@H](N=C(N)N)[C@@H](O)[C@@H]3N=C(N)N,0
C[C@H]1C[C@H]2[C@@H]3CC[C@](O)(C(=O)CO)[C@@]3(C)C[C@H](O)[C@@H]2[C@@]4(C)C=CC(=O)C=C14,0
Clc1ccc(COC(Cn2ccnc2)c3ccc(Cl)cc3Cl)c(Cl)c1,0
C[C@]12CC[C@H]3[C@@H](CCC4=CC(=O)CC[C@H]34)[C@@H]1CC[C@@H]2O,0
CCOC(=O)C(C1=C(O)Oc2ccccc2C1=O)C3=C(O)Oc4ccccc4C3=O,0
OCc1cccnc1,0
C[C@]12CC[C@H]3[C@@H](CCC4=CC(=O)CC[C@H]34)[C@@H]1CC[C@@]2(O)C#C,0
NCC(O)c1cccc(O)c1,0
CC(CCc1ccccc1)NC(C)C(O)c2ccc(O)cc2,0
C1NCCN(C1)c1ccc(c(n1)Cl)C(F)(F)F,1
c1c2c(cc(c1)Cl)[C@@H]1[C@H](c3ccccc3O2)CNC1,1
c1c2c(ccc1)[C@@]1([C@@H](c3cccc(c3O2)C)CNCC1)O,1
c1ccc(c(c1)[C@H](CC=C)N)c1c2c(on1)cccc2,1
c1c2c(ccc1)[C@@]1([C@@H](c3cccc(c3O2)C)C[N@](CC1)C)O,1
c1c2c(cc(c1)Cl)[C@@H]1[C@H](c3ccccc3O2)CN(C1)C,1
CNC(/NCCSCc1oc(CN(C)C)cc1)=C\[N+]([O-])=O,0
Cc1onc(N[S](=O)(=O)c2ccc(N)cc2)c1,1
[Na+].[Na+].CC1(C)S[C@@H]2[C@H](NC(=O)[C@H](C([O-])=O)c3cscc3)C(=O)N2[C@H]1C([O-])=O,1
NC1=NC(=O)N(C=C1)[C@H]2CC[C@@H](CO)O2,1
O.O.CN(C)[C@H]1[C@@H]2[C@@H](O)[C@H]3C(=C(O)c4c(O)cccc4[C@@]3(C)O)C(=O)[C@]2(O)C(=O)\C(=C(N)/O)C1=O,0
CC1(C)S[C@@H]2[C@H](NC(=O)Cc3ccccc3)C(=O)N2[C@H]1C(O)=O,0
CCOc1ccc(NC(C)=O)cc1,0
CN(C)CCC(c1ccccc1)c2ccccn2,0
CC(C)(C)NCC(O)c1ccc(O)c(CO)n1,0
CC1=C(CCN2CCC(CC2)c3noc4cc(F)ccc34)C(=O)N5CCCCC5=N1,1
Cc1ccc(CC2=CN=C(NCCCCc3ncc(Br)cc3C)NC2=O)cn1,0
ClCCN(N=O)C(=O)NC1CCCCC1,1
[Na+].[O-][S](=O)(=O)CCS,0
CN(N=O)C(=O)N[C@H]1[C@@H](O)O[C@H](CO)[C@@H](O)[C@@H]1O,0
CN1C(CSCC(F)(F)F)Nc2cc(Cl)c(cc2[S]1(=O)=O)[S](N)(=O)=O,0
C[C@]12C[C@H](O)[C@H]3[C@@H](CCC4=CC(=O)C=C[C@]34C)[C@@H]1CC[C@]2(O)C(=O)CO,0
C[C@]12CC(=O)[C@H]3[C@@H](CCC4=CC(=O)C=C[C@]34C)[C@@H]1CC[C@]2(O)C(=O)CO,0
CCCN(CCC)[S](=O)(=O)c1ccc(cc1)C(O)=O,0
CC(=O)[C@H]1CC[C@H]2[C@@H]3CCC4=CC(=O)CC[C@]4(C)[C@H]3CC[C@]12C,0
CC(C)NCC(O)COc1cccc2ccccc12,0
CN=C(NCCSCc1csc(N=C(N)N)n1)NC#N,1
OCc1ncc2CN=C(c3ccccc3F)c4cc(Cl)ccc4n12,1
CC(Cl)(Cl)Cl,1
C(CCl)(F)(F)F,1
CC(C)CO,1
CCC(C)(C)C,1
Nc1ncnc2n(cnc12)C3OC(CO)C(O)C3O,1
c12c(C(N(Cc3n1cnc3c1noc(n1)C(CO)(CO)C)C)=O)c(ccc2)Cl,0
c12c(C(N(Cc3n1cnc3c1noc(n1)C(O)(C)C)C)=O)c(ccc2)Cl,0
OC(=O)c1ccccc1O,0
C[C@]12CC[C@H]3[C@@H](CCC4=CC(=O)CC[C@]34C)[C@@H]1CC[C@@H]2O,0
CN(C)[C@H]1[C@@H]2C[C@H]3C(=C(O)c4c(O)cccc4[C@@]3(C)O)C(=O)[C@]2(O)C(=O)\C(=C(N)/O)C1=O,0
CCCC(C)CC,1
CCC(C)CC,1
Cc1ncc2C(O)N=C(c3ccccc3F)c4cc(Cl)ccc4n12,1
CN(C)C1=C(C)N(C)N(c2ccccc2)C1=O,1
CC(C)NCC(O)COc1ccc(CC(N)=O)cc1,0
c1ccccc1,1
OC1(CCN(CCCC(=O)c2ccc(F)cc2)CC1)c3ccc(Br)cc3,1
CC1COc2c(N3CCN(C)CC3)c(F)cc4C(=O)C(=CN1c24)C(O)=O,1
C[C@]12CCC(=O)C=C1CC[C@H]3[C@@H]4CC[C@H](C(=O)CO)[C@]4(C[C@H](O)[C@H]23)C=O,0
c1(cc(c(cc1)Cl)Cl)CC(N1CCCC[C@H]1CN1CCCC1)=O,1
c1(ccc(cc1)C(F)(F)F)CC(N1[C@@H](CCCC1)CN1CCCC1)=O,1
CN1C(=O)N(C)c2nc[nH]c2C1=O,0
CCCCNC(=O)N[S](=O)(=O)c1ccc(C)cc1,0
C[C@]12C[C@H](O)[C@@]3(F)[C@@H](CCC4=CC(=O)C=C[C@]34C)[C@@H]1C[C@@H](O)[C@]2(O)C(=O)CO,0
N[S](=O)(=O)c1cc2c(NC(N[S]2(=O)=O)C(Cl)Cl)cc1Cl,0
CCC(C)=O,1
C1CC1,1
N1(c2c(CCc3c1cccc3)cccc2)CCCN,1
ClCCl,1
CCOCC,1
C=COC=C,1
FC(F)OC(F)(F)C(F)Cl,1
c1(ccc(c(c1)Cl)Cl)CC(N1[C@@H](c2c(CC1)[nH]cn2)CN1CCCC1)=O,0
c1(ccc(c(c1)Cl)Cl)CC(N1[C@@H](CN2CCCC2)CC(CC1)(C)C)=O,1
CC(C)(C(O)=O)c1ccc(cc1)C(=O)CCCN2CCC(CC2)OC(c3ccccc3)c4ccccc4,0
OC(=O)COCCN1CCN(CC1)C(c2ccccc2)c3ccc(Cl)cc3,0
OC(=O)C1=CN(C2CC2)c3cc(N4CCNCC4)c(F)cc3C1=O,0
c1cn(CCO)c(CC)c(O)c1=O,0
c1cn(CCCCO)c(CC)c(O)c1=O,0
COC(=O)[C@H]1[C@@H](O)CC[C@H]2CN3CCc4c([nH]c5ccccc45)[C@@H]3C[C@H]12,0
CC1=CN([C@H]2C[C@H](N=[N+]=[N-])[C@@H](CO)O2)C(=O)NC1=O,0
CN(C)CCCN1c2ccccc2Sc3ccc(cc13)C(C)=O,1
CC(=O)c1ccc2Sc3ccccc3N(CCCN4CCN(CCO)CC4)c2c1,1
CC(=O)Nc1sc(nn1)[S](N)(=O)=O,1
C=CCC1(CC=C)C(=O)NC(=O)NC1=O,1
[Cl-].NC12CC3CC(CC(C3)C1)C2.[H+],1
CN(C)CCC=C1c2ccccc2CCc3ccccc13,1
CCC1(CCC(C)C)C(=O)NC(=O)NC1=O,1
CC(N)Cc1ccccc1,1
CCO,1
CCc1ccccc1,1
CN1C(=O)CN=C(c2ccccc2F)c3cc(ccc13)[N+]([O-])=O,1
FC(F)(F)COC=C,1
FC(F)(F)C(Cl)Br,1
CCCCCCC,1
CCCCCC,1
CN1C=CC(=O)C(=C1C)O,1
CCN1C=CC(=O)C(=C1C)O,1
CCCCN1C=CC(=O)C(=C1C)O,1
CCCCCN1C=CC(=O)C(=C1C)O,1
c1cn(CCCCC)c(C)c(O)c1=O,1
c1cn(CCCO)c(C)c(O)c1=O,0
CCN1C=CC(=O)C(=C1CC)O,1
CN1N(C(=O)C=C1C)c2ccccc2,1
COC(=O)C1=CCCN(C)C1,1
[H+].[Cl-].CCN(CC)CCOC(=O)C(O)(c1ccccc1)c2ccccc2,1
CCOC(=O)c1ccc(N)cc1,1
CCN(CC)C(=O)C1CN2CCc3cc(OC)c(OC)cc3C2CC1OC(C)=O,1
CN1C(=O)NC(=O)C(C)(C1=O)C2=CCCCC2,1
FC(F)OC(Cl)C(F)(F)F,1
CCC#CC(C)C1(CC=C)C(=O)NC(=O)N(C)C1=O,1
COC(F)(F)C(Cl)Cl,1
N1(c2c(Sc3c1cccc3)ccc(c2)Cl)CCCNC,1
N1(c2c(Sc3c1cccc3)ccc(c2)Cl)CCCN,1
CN(C)CCOC(C)(c1ccccc1)c2ccccn2,1
c1ccc([C@H](C[N@]2CC[C@H](C2)O)N(C(Cc2ccccc2N)=O)C)cc1,0
CN1CCN(CC1)c2c(F)cc3C(=O)C(=CN(CCF)c3c2F)C(O)=O,0
c1(cc(c(cc1)Cl)Cl)CC(N1[C@@H](CN2CCCC2)CN(CC1)C(=O)C)=O,1
c1(ccc(c(c1)Cl)Cl)CC(N1[C@@H](c2c(CC1)occ2)CN1CCCC1)=O,1
c1(ccc(c(c1)Cl)Cl)CC(N1[C@H](CN(CC1)C(=O)OC)CN1CCCC1)=O,1
CN(C)CCc1c[nH]c2ccc(O)cc12,1
CC(NC(C)(C)C)C(=O)c1cccc(Cl)c1,1
OCCOC(=O)NCc1ccccc1,1
CCC(C)C1(CC)C(=O)NC(=O)NC1=O,1
Cn1cnc2N(C)C(=O)N(C)C(=O)c12,1
CCC(C)C(CC)C(=O)NC(N)=O,1
NC(=O)N1c2ccccc2C=Cc3ccccc13,1
C1N(CCN(C1)c1cc(ccn1)C(F)(F)F)CCCCN1C(CCC1)=O,1
Cn1cnc2NC(=O)N(C)C(=O)c12,1
CCCCC,1
CCCO,1
CC(C)=O,1
c1(ccc(c(c1)Cl)Cl)CC(N1[C@H](CN(CC1)C(=O)OCC)CN1CCCC1)=O,1
c1(CC(N2[C@H](CN(CC2)C(=O)OCCC)CN2CCCC2)=O)cc(c(cc1)Cl)Cl,1
c1(ccc(c(c1)Cl)Cl)CC(N1[C@@H](c2c(CC1)occ2)C[N@@]1C[C@@H](CC1)O)=O,1
c1(ccc(c(c1)Cl)Cl)CC(=O)N1[C@H](CN(C(=O)C)CC1)C[N@@]1C[C@H](O)CC1,0
c1(CC(N2[C@H](CN(CC2)C(=O)C)C[N@]2CC[C@H](C2)O)=O)ccc(C(F)(F)F)cc1,0
c1(ccc(cc1)SC)CC(N1[C@H](CN(CC1)C(=O)C)C[N@]1CC[C@H](C1)O)=O,0
c1(CC(N2[C@H](CN(CC2)C(=O)C)C[N@]2CC[C@H](C2)O)=O)cc(cc(c1)F)F,0
c1(CC(N2[C@H](CN(CC2)C(=O)C)C[N@]2CC[C@H](C2)O)=O)cc(ccc1)OC,0
c1(CC(N2[C@H](CN(CC2)C(=O)C)C[N@]2CC[C@H](O)C2)=O)ccc(N(=O)=O)cc1,0
c1(CC(N2[C@H](CN(CC2)C(=O)C)C[N@]2CC[C@H](C2)O)=O)ccc(OC)cc1,0
CCC(=O)c1ccc2Sc3ccccc3N(CCCN4CCN(CCO)CC4)c2c1,1
CCCCNc1c(cnc2n(CC)ncc12)C(=O)OCC,1
OC(O)C(Cl)(Cl)Cl,1
CN(C)CCCN1c2ccccc2Sc3ccc(Cl)cc13,1
CN(C)CC\C=C/1c2ccccc2Sc3ccc(Cl)cc13,1
C[N+](C)(C)CCO,1
CN1C(=O)CC(=O)N(c2ccccc2)c3cc(Cl)ccc13,1
CN1Cc2n(cnc2C(=O)OC(C)(C)C)c3ccsc3C1=O,1
C1C(Nc2c1c(ccc2)CCN(CCC)CCC)=O,1
C1C(Nc2c1c(ccc2O)CCN(CCC)CCC)=O,1
OC(=O)CNC(=O)c1ccccc1O,1
CN1CCCCC1CCN2c3ccccc3Sc4ccc(cc24)[S](C)(=O)=O,1
FC(Br)C(F)(F)F,1
Cn1cnc2N(C)C(=O)NC(=O)c12,1
CCCC(C)C1(CC)C(=O)NC(=S)NC1=O,0
Cc1ccccc1,1
Cc1nnc2CN=C(c3ccccc3Cl)c4cc(Cl)ccc4n12,1
c1(CC(N2[C@H](CN(CC2)C(=O)C)C[N@]2CC[C@H](O)C2)=O)cc(ccc1)N(=O)=O,0
c1(ccccc1)CC(N1[C@H](CN(CC1)C(=O)C)C[N@]1CC[C@H](C1)O)=O,0
c1(CC(N2[C@H](CN(CC2)C(=O)C)C[N@]2CC[C@H](O)C2)=O)ccc([S@](=O)C)cc1,0
c1(CC(N2[C@H](CN(CC2)C(=O)C)C[N@]2CC[C@H](O)C2)=O)ccc(S(=O)(=O)C)cc1,0
c1(ccccc1)[C@H](CN1CCCC1)N(C(=O)Cc1ccc(c(c1)Cl)Cl)C,1
Oc1ccc2C[C@@H]3[C@@H]4CCCC[C@]4(CCN3CC=C)c2c1,1
CCN1C=C(C(O)=O)C(=O)c2cc(F)c(N3CCNC(C)C3)c(F)c12,0
CN(C)C(=O)C(CCN1CCC(O)(CC1)c2ccc(Cl)cc2)(c3ccccc3)c4ccccc4,0
CN(C)CCCN1c2ccccc2CCc3ccc(Cl)cc13,1
[O-][N+](=O)c1ccc2NC(=O)CN=C(c3ccccc3Cl)c2c1,1
OCCN1CCN(CC\C=C/2c3ccccc3Sc4ccc(Cl)cc24)CC1,1
Fc1ccc(cc1)C(CCCN2CCC(CC2)N3C(=O)Nc4cc(Cl)ccc34)c5ccc(F)cc5,1
COc1ccc2C[C@@H]3[C@@H]4C=C[C@H](O)[C@@H]5Oc1c2[C@]45CCN3C,1
CC1C2Cc3ccc(O)cc3C1(C)CCN2CC4CC4,1
CN(C)CCO,1
[H+].[Cl-].CCOC(=O)C1(CCN(C)CC1)c2ccccc2,1
ClC=C(Cl)Cl,1
ClC(Cl)Cl,1
c1c(nccc1)CCNC,1
c1c(nccc1)CCN(C)C,1
n1c(scc1)CCN,1
n1c(scc1c1ccccc1)CCN,0
c1c(nc2n1cccc2)CCN,0
Cc1cccc(C)c1,1
CCOC(=O)N1CCC(CC1)=C2c3ccc(Cl)cc3CCc4cccnc24,0
O[C@H]1C=C[C@H]2[C@H]3Cc4ccc(O)c5O[C@@H]1[C@]2(CCN3CC=C)c45,1
Oc1ccc2C[C@H]3N(CC[C@@]45[C@@H](Oc1c24)C(=O)CC[C@@]35O)CC6CC6,1
CCN1C=C(C(O)=O)C(=O)c2cc(F)c(cc12)N3CCNCC3,0
CCN1C=C(C(O)=O)C(=O)c2cc(F)c(cc12)N3CCN(C)CC3,0
CO[C@H]1[C@@H](C[C@@H]2CN3CCc4c([nH]c5ccccc45)[C@H]3C[C@@H]2[C@@H]1C(=O)OC)OC(=O)c6cc(OC)c(OC)c(OC)c6,1
CNCCCN1c2ccccc2CCc3ccccc13,1
CN1C(=O)CN=C(c2ccccc2)c3cc(Cl)ccc13,1
COc1ccc2C[C@@H]3[C@@H]4CC[C@H](O)[C@@H]5Oc1c2[C@]45CCN3C,1
CN1CCC23C4CCC(O)C2Oc5c(O)ccc(CC14)c35,1
CN(C)CCOC(c1ccccc1)c2ccccc2,1
O=C1NC(=O)C(N1)(c2ccccc2)c3ccccc3,1
CC(CN1CCN(CCOCCO)CC1)CN2c3ccccc3Sc4ccccc24,1
COC(=O)c1ccc(cc1)C(=O)OC,1
Cc1ccccc1C,1
Cc1ccc(C)cc1,1
CC(C)O,1
NC(=O)N1c2ccccc2C3OC3c4ccccc14,1
c12c(nc(c(c1C(N[C@@H](CC)c1ccccc1)=O)C)c1ccccc1)cccc2,1
c1cc(ccc1CCCC(OC(C)(C)C)=O)N(CCCl)CCCl,1
CC(C)(C)c1ccc(cc1)C(=O)CCCN2CCC(CC2)OC(c3ccccc3)c4ccccc4,0
c1ccc2N([C@H](CN3CCCC3)C)c3c(ccc(C(=O)NCCC)c3)Sc2c1,1
CC(C)(C)NCC(O)c1ccc(O)c(CO)c1,0
c1(ccc(c(c1)Cl)Cl)CC(=O)N1[C@H](C[N@@](C)CC1)CN1CCCC1,1
c1(ccc(c(c1)Cl)Cl)CC(N1[C@H](CN2CCCC2)c2n(CC1)ccn2)=O,1
c1(ccc(c(c1)Cl)Cl)CC(N1[C@H](C[N@@]2C[C@@H](CC2)O)c2n(CC1)ccn2)=O,0
c1(ccc(c(c1)Cl)Cl)CC(N1[C@@H](C[N@@]2C[C@@H](CC2)O)C[N@](CC1)CCO)=O,0
[H+].[Cl-].CN(C)CC\C=C/1c2ccccc2COc3ccccc13,1
CN(C)CCOC(C)(c1ccccc1)c2ccccn2.OC(=O)CCC(O)=O,1
CC\C(=C/C)C(=O)NC(N)=O,1
CCC(C)(CC)OC(N)=O,1
Clc1ccc2n3cnnc3CN=C(c4ccccc4)c2c1,1
CCc1ccccc1N2C(=Nc3ccccc3C2=O)C,1
CCOC(=O)c1cnc2n(CC)ncc2c1NN=C(C)C,1
CCC(O)(\C=C\Cl)C#C,1
NC(=O)OC1(CCCCC1)C#C,1
c1cc(CCNC)ncc1,1
c1cc(CCN(C)C)ncc1,1
s1c(ncc1)CCN,1
c1ccc2Oc3c(cc(cc3)Cl)[C@@H]3[C@@H](c2c1)C[N@](CC3)C,1
c1c(Cl)nc(N2CCN(CCCCN3C(CCC3)=O)CC2)cc1C(F)(F)F,1
c1ccc2Oc3c(cc(cc3)Cl)[C@@H]3[C@@H](c2c1)CNCC3,1
c1(ccc(c(c1)Cl)Cl)CC(N1[C@H](C[N@@]2C[C@@H](CC2)O)c2c(CC1)[nH]cn2)=O,0
c1ccc2nc(c(c(C(N[C@@H](CC)c3ccccc3)=O)c2c1)O)c1ccccc1,1
c1cc2c(C(N[C@@H](CC)c3ccccc3)=O)c(c(nc2cc1)c1ccccc1)OCCCN(C)C,1
c1cc2c(C(N[C@@H](CC)c3ccccc3)=O)c(c(nc2cc1)c1ccccc1)OCC(O)=O,0
c1cc2c(C(N[C@@H](CC)c3ccccc3)=O)c(c(c3ccccc3)nc2cc1)OCCCC(O)=O,0
C[C@H]1CN(C[C@@H](C)N1)c2c(F)c(N)c3C(=O)C(=CN(C4CC4)c3c2F)C(O)=O,0
CCc1ccc2Sc3ccccc3N(CC(C)CN(C)C)c2c1,1
OCCN1CCN(CC\C=C/2c3ccccc3Sc4ccc(cc24)C(F)(F)F)CC1,1
OCCN1CCN(CCCN2c3ccccc3Sc4ccc(cc24)C(F)(F)F)CC1,1
CCN(CC)CCN1C(=O)CN=C(c2ccccc2F)c3cc(Cl)ccc13,1
CCC1(CCC(=O)NC1=O)c2ccccc2,1
OC1(CCN(CCCC(=O)c2ccc(F)cc2)CC1)c3ccc(Cl)cc3,1
c1cc(ncc1)CSCCNc1c(cc[nH]1)[N+](=O)[O-],1
c1(cc(nc(c1C)C)C(SC(CNc1c(cc[nH]1)[N+](=O)[O-])(C)C)(C)C)C,1
c1(c(oc(c1C)C(N(C(C)(N)C)C(N)(C)C)(C)C)C)C.C[NH+]O.[OH-],1
CCNCc1c(O)c(C)ncc1CSC,1
CC(C)(C)c1ccc(cc1)C(O)CCCN2CCC(CC2)C(O)(c3ccccc3)c4ccccc4,0
CN1CC[C@]23[C@H]4Oc5c(OC(C)=O)ccc(C[C@@H]1[C@@H]2C=C[C@@H]4OC(C)=O)c35,1
NC(=O)OC1(CCCCC1)CC#C,1
[H+].[H+].[Cl-].[Cl-].OCCN1CCCN(CCCN2c3ccccc3Sc4cc(ccc24)C(F)(F)F)CC1,1
COc1ccc2C[C@@H]3[C@@H]4CCC(=O)[C@@H]5Oc1c2[C@]45CCN3C,1
CCC(O)(COC(N)=O)c1ccccc1,1
OCCOCCN1CCN(CC1)C(c2ccccc2)c3ccc(Cl)cc3,1
CN(C)CCCN1c2ccccc2CCc3ccccc13,1
C1CN(CCC1)Cc1cccc(c1)OCCCNC(=O)C,1
C1CN(CCC1)Cc1cccc(c1)OCCCNC(=O)c1ccccc1,1
C1CN(CCC1)Cc1cccc(c1)OCCCO,1
C1CN(CCC1)Cc1cccc(c1)OCCCNc1ncccc1,1
C1CN(CCC1)Cc1cccc(c1)OCCCNc1nccs1,1
C1CN(CCC1)Cc1cccc(c1)OCCCNc1nc2c(o1)cccc2,1
c1c(oc(c1)CN(C)C)CSCCNc1nc(c(c[nH]1)Cc1cc2c(cc1)cccc2)=O,0
Fc1ccc(cc1)C(=O)CCCN2CCC(CC2)C(=O)c3ccc(F)cc3,1
CN1CC[C@]23CCCC[C@H]2[C@H]1Cc4ccc(O)cc34,1
CCN(CC)CC(=O)Nc1c(C)cccc1C,1
OC1N=C(c2ccccc2Cl)c3cc(Cl)ccc3NC1=O,1
CN(C)CCOC(=O)COc1ccc(Cl)cc1,1
CC1=Nc2ccccc2C(=O)N1c3ccccc3Cl,1
CN1CCN=C(c2ccccc2)c3cc(Cl)ccc13,1
CCCC(C)(COC(N)=O)COC(N)=O,1
CCCC(=O)Nc1ccc(OCC(O)CNC(C)C)c(c1)C(C)=O,1
NC1=NC(=O)c2ncn(COCCO)c2N1,1
CCCSc1ccc2nc(NC(=O)OC)[nH]c2c1,1
NCCCNCCS[P](O)(O)=O,0
COc1cc(CCN)cc(OC)c1OC,1
CN1CCCCC1CCN2c3ccccc3Sc4ccc(cc24)[S](C)=O,1
CN[C@@H](C)Cc1ccccc1,1
Cc1ccccc1N2C(=Nc3ccccc3C2=O)C,1
COc1ccccc1OCC(O)COC(N)=O,1
COc1ccc2Sc3ccccc3N(CCCN(C)C)c2c1,1
COc1ccc2Sc3ccccc3N(C[C@H](C)CN(C)C)c2c1,1
CCC(C)(O)C#C,1
COC(=O)C(C1CCCCN1)c2ccccc2,1
NCC[C@H](O)C(=O)N[C@@H]1C[C@H](N)[C@@H](O[C@H]2O[C@H](CN)[C@@H](O)[C@H](O)[C@H]2O)[C@H](O)[C@H]1O[C@H]3O[C@H](CO)[C@@H](O)[C@H](N)[C@H]3O,1
Nc1ccc(C(O)=O)c(O)c1,0
NC1=NC(=O)N(C=C1)[C@@H]2O[C@H](CO)[C@@H](O)[C@@H]2O,1
COc1cccc2C(=O)c3c(O)c4C[C@](O)(C[C@H](O[C@H]5C[C@H](N)[C@H](O)[C@H](C)O5)c4c(O)c3C(=O)c12)C(C)=O,0
CN(C)[C@H]1[C@@H]2C[C@@H]3[C@H](O)c4c(Cl)ccc(O)c4C(=C3C(=O)[C@]2(O)C(=O)\C(=C(N)/O)C1=O)O,0
Clc1ccc2NC(=O)CC(=O)N(c3ccccc3)c2c1,1
CNCCCN1c2ccccc2Sc3ccccc13,1
Cc1ncc2CN=C(c3ccccc3F)c4cc(Cl)ccc4n12.OC(=O)\C=C/C(O)=O,1
Cc1ccc(cc1)C2(O)CCN(CCCC(=O)c3ccc(F)cc3)CC2,1
CN1CC[C@]23[C@H]4Oc5c(O)ccc(C[C@@H]1[C@@H]2C=CC4O)c35,1
Oc1ccc2C[C@H]3N(CC[C@@]45[C@@H](Oc1c24)C(=O)CC[C@@]35O)CC=C,1
[O-][N+](=O)c1ccc2NC(=O)CN=C(c3ccccc3)c2c1,1
Clc1ccc2NC(=O)CN=C(c3ccccc3)c2c1,1
CNCCC=C1c2ccccc2CCc3ccccc13,1
CN(C)CCOC(c1ccccc1)c2ccccc2C,1
COc1ccc2C[C@H]3[C@H]4CCCC[C@@]4(CCN3C)c2c1,1
CCN(CC)C(=S)SSC(=S)N(CC)CC,1
CC[C@@H](CO)NCCN[C@@H](CC)CO,0
CC1(C)S[C@@H]2[C@H](NC(=O)CCC[C@@H](N)C(O)=O)C(=O)N2[C@H]1C(O)=O,0
CNCC(O)c1ccc(O)c(O)c1,0
[Na+].CC1(C)SC2C(NC(=O)CSCC=C)C(=O)N2C1C([O-])=O,0
CC(C)(C)C(=O)OCOC(=O)C1N2[C@H](SC1(C)C)[C@H](N=CN3CCCCCC3)C2=O,0
CN(C)[C@H]1[C@@H]2C[C@@H]3Cc4ccc(N)c(O)c4C(=C3C(=O)[C@]2(O)C(=O)\C(=C(N)/O)C1=O)O,0
[Cl-].CC(=O)[C@@]1(N)C[C@H](O[C@H]2C[C@H](O)[C@H](O)CO2)c3c(O)c4C(=O)c5ccccc5C(=O)c4c(O)c3C1.[H+],0
CN(C)[C@H]1[C@@H]2C[C@H]3C(=C(O)c4c(O)cccc4[C@@]3(C)O)C(=O)[C@]2(O)C(=O)\C(=C(/O)NC(N5CCN(CCO)CC5)C(O)=O)C1=O,0
NCC[C@H](O)C(=O)N[C@@H]1C[C@H](N)[C@@H](O[C@H]2O[C@H](CN)CC[C@H]2N)[C@H](O)[C@H]1O[C@H]3O[C@H](CO)[C@@H](O)[C@H](N)[C@H]3O,0
CNC(=O)C[C@@H](N)C(=O)N[C@@H](C(=O)N[C@H]1[C@H]2SC(C)(C)[C@@H](N2C1=O)C(O)=O)c3ccc(O)cc3,0
CO[C@H]1[C@@H](O)[C@H](N)[C@@H](O[C@H]2O[C@@H](CC[C@H]2N)C(C)N)[C@H](O)[C@@H]1N(C)C(=O)CN,0
C[C@H]1[C@H](NC(=O)C(=N/OC(C)(C)C(O)=O)\c2csc([NH3+])n2)C(=O)N1[S]([O-])(=O)=O,0
CCOC(=O)OC(C)OC(=O)[C@@H]1N2[C@H](SC1(C)C)[C@H](N=CN3CCCCCC3)C2=O,0
NCC1OC(OC2C(N)CC(N)C(OC3OC(CO)C(O)C(N)C3O)C2O)C(N)C(O)C1O,0
NC(CO)C(=O)NNCc1ccc(O)c(O)c1O,0
CC[C@H]1OC(=O)[C@H](C)[C@@H](OC2CC(C)(OC)C(O)C(C)O2)C(C)[C@@H](OC3OC(C)CC(C3O)N(C)C)[C@](C)(O)C[C@@H](C)C(=O)[C@H](C)[C@@H](O)[C@H]1C,0
NCCC(O)CNC1CC(N)C(OC2OC(CN)C(O)C(O)C2O)C(O)C1OC3OC(CO)C(O)C(N)C3O,0
CC(C)(C)NCC(O)c1ccc(O)c(NC(N)=O)c1,0
CC1OC(CC(N)C1O)OC2C[C@@](O)(Cc3c(O)c4C(=O)c5cccc(O)c5C(=O)c4c(O)c23)C(C)=O,0
NC(=O)OCC1[C@H](NC(=O)C(=N/OCC(O)=O)\c2csc(N)n2)C(=O)N1[S](O)(=O)=O,0
N[C@@H](C(=O)N[C@H]1[C@H]2SCC(=C(N2C1=O)C(O)=O)Cl)c3ccccc3,0
CC1=C(N2[C@H](SC1)[C@H](NC(=O)[C@H](N)c3ccc(O)cc3)C2=O)C(O)=O,0
CC1=C(N2[C@H](SC1)[C@H](NC(=O)[C@H](N)c3ccccc3)C2=O)C(O)=O,0
CC(=O)OCC1=C(N2[C@H](SC1)[C@H](NC(=O)Cc3ccccc3)C2=O)C(O)=O,0
Cc1sc(SCC2=C(N3[C@H](SC2)[C@H](NC(=O)C(N)c4ccc(O)cc4)C3=O)C(O)=O)nn1,0
[Na+].Cn1nnnc1SCC2=C(N3[C@H](SC2)[C@H](NC(=O)CSC(F)(F)F)C3=O)C([O-])=O,0
Cc1sc(SCC2=C(N3[C@H](SC2)[C@H](NC(=O)[C@H](O)c4ccccc4)C3=O)C(O)=O)nn1,0
CC/C=C(C(=O)N[C@H]1[C@H]2SCC(=C(N2C1=O)C(O)=O)COC(N)=O)/c3csc(N)n3,0
COCC1=C(N2[C@H](SC1)[C@H](NC(=O)C(=N\O)/c3csc(N)n3)C2=O)C(O)=O,0
Nc1scc(n1)\C(=N\O)C(=O)N[C@H]2[C@H]3SCC(=C(N3C2=O)C(O)=O)C=C,0
CC1=C(N2[C@H](SC1)[C@H](NC(=O)[C@H](N)c3ccc(O)c(Cl)c3)C2=O)C(O)=O,0
CO/N=C(C(=O)N[C@H]1[C@H]2SCC(=C(N2C1=O)C(O)=O)C)/c3csc(N)n3,0
Cn1nnnc1SCC2=C(N3[C@H](SC2)[C@H](NC(=O)CS\C=C/C#N)C3=O)C(O)=O,0
Nc1scc(n1)\C(=N\OCC(O)=O)C(=O)N[C@H]2[C@H]3SCC(=C(N3C2=O)C(O)=O)C=C,0
CO[C@]1(NC(=O)CSCC#N)[C@H]2SCC(=C(N2C1=O)C(O)=O)CSc3nnnn3C,0
CO[C@]1(NC(=O)CSC[C@@H](N)C(O)=O)[C@H]2SCC(=C(N2C1=O)C(O)=O)CSc3nnnn3C,0
OC(C(=O)N[C@H]1[C@H]2SCC(=C(N2C1=O)C(O)=O)CSc3nnnn3C[S](O)(=O)=O)c4ccccc4,0
NCc1ccccc1CC(=O)N[C@H]2[C@H]3SCC(=C(N3C2=O)C(O)=O)CSc4nnnn4CC(O)=O,0
[Na+].COCC1=C(N2[C@H](SC1)[C@H](NC(=O)C(=N/OC)\c3csc(N)n3)C2=O)C([O-])=O,0
O.C/C=C/C1=C(N2[C@H](SC1)[C@H](NC(=O)[C@H](N)c3ccc(O)cc3)C2=O)C(O)=O,0
CC1=C(N2[C@H](SC1)[C@H](NC(=O)[C@H](N)c3cccc(N[S](C)(=O)=O)c3)C2=O)C(O)=O,0
OC(=O)C1=C(CS[C@@H]2[C@H](NC(=O)Cn3cnnn3)C(=O)N12)CSc4scnn4,0
O.O.Nc1scc(n1)\C(=C\CC(O)=O)C(=O)N[C@H]2[C@H]3SCC=C(N3C2=O)C(O)=O,0
CO/N=C(C(=O)N[C@H]1[C@H]2SCC=C(N2C1=O)C(O)=O)/c3csc(N)n3,0
CO/N=C(C(=O)N[C@H]1[C@H]2SCC(=C(N2C1=O)C(O)=O)COC(C)=O)/c3occc3,0
CO/N=C(C(=O)N[C@H]1[C@H]2SCC(=C(N2C1=O)C(=O)OC(C)OC(C)=O)COC(N)=O)/c3occc3,0
COCCCC(=O)OC(C)OC(=O)C1=C(COC(N)=O)CS[C@@H]2[C@H](NC(=O)C(=N/OC)\c3occc3)C(=O)N12,0
[Na+].CC(=O)OCC1=C(N2[C@@H](SC1)[C@@H](NC(=O)CC#N)C2=O)C([O-])=O,0
O.O.CC(=O)OCC1=C(N2[C@H](SC1)[C@H](NC(=O)[C@H](N)c3ccccc3)C2=O)C(O)=O,0
CC(=O)OCC1=C(N2[C@H](SC1)[C@H](NC(=O)CCC[C@@H](N)C(O)=O)C2=O)C(O)=O,0
CC(=O)OCC1=C(N2[C@H](SC1)[C@H](NC(=O)Cc3sccc3)C2=O)C(O)=O,0
CC[C@H]1OC(=O)[C@H](C)[C@@H](O[C@H]2C[C@@](C)(OC)[C@@H](O)[C@H](C)O2)[C@H](C)[C@@H](O[C@@H]3O[C@H](C)C[C@@H]([C@H]3O)N(C)C)[C@@](C)(C[C@@H](C)C(=O)[C@H](C)[C@@H](O)[C@]1(C)O)OC,0
CCC[C@@H]1C[C@H](N(C)C1)C(=O)NC(C(C)Cl)[C@H]2O[C@H](SC)[C@H](O)[C@@H](O)[C@H]2O,0
CCC[C@@H]1C[C@H](N(C)C1)C(=O)NC(C(C)Cl)[C@H]2O[C@H](SC)[C@H](O[P](O)(O)=O)[C@@H](O)[C@H]2O,0
COC(C(=O)N[C@H]1[C@H]2SC(C)(C)[C@@H](N2C1=O)C(O)=O)c3ccc(Cl)c(Cl)c3,0
CN(C)[C@H]1[C@@H]2C[C@H]3C(=C(O)c4c(O)ccc(Cl)c4[C@@]3(C)O)C(=O)[C@]2(O)C(=O)\C(=C(/O)NCO)C1=O,0
CN(C)[C@H]1[C@@H]2C[C@@H]3[C@H](O)c4cccc(O)c4C(=C3C(=O)[C@]2(O)C(=O)\C(=C(N)/O)C1=O)O,0
CCOC(OCC)C(=O)OCC(=O)C1(O)CC(OC2CC(N)C(O)C(C)O2)c3c(O)c4C(=O)c5c(OC)cccc5C(=O)c4c(O)c3C1,0
NCC1CCC(N)C(O1)OC2C(N)CC(N)C(OC3OC(CO)C(O)C(N)C3O)C2O,0
Cc1onc(c1C(=O)N[C@H]2[C@H]3SC(C)(C)[C@@H](N3C2=O)C(O)=O)c4c(Cl)cccc4Cl,0
CN[C@H]1[C@H](O)[C@@H](O)[C@H](CO)O[C@H]1O[C@H]2[C@@H](O[C@@H](C)[C@]2(O)CO)O[C@@H]3[C@@H](O)[C@H](O)[C@@H](N=C(N)N)[C@H](O)[C@H]3N=C(N)N,0
CNCC(O)c1ccc(OC(=O)C(C)(C)C)c(OC(=O)C(C)(C)C)c1,0
CCC(=O)O[C@H]1[C@@H](C)[C@@H](C)OC(=O)C(C)[C@@H](O[C@H]2C[C@H](OC)[C@@H](OC(=O)CC)[C@H](C)O2)[C@H](C)[C@@H](O[C@@H]3O[C@H](C)C[C@@H]([C@H]3O)N(C)C)C(C)C[C@@]4(CO4)C(=O)[C@@H]1C,0
COc1cccc2C(=O)c3c(O)c4C[C@@](O)(C[C@@H](OC5CC(N)CC(C)O5)c4c(O)c3C(=O)c12)C(=O)CO,0
CCNCC(O)c1cccc(O)c1,0
CCOC(=O)C1=C(C)NC(=C(C1c2cccc(Cl)c2Cl)C(=O)OC)C,0
CC(C)c1ccccc1OCC2=NCCN2,0
CC(C)(C(O)=O)c1ccc(cc1)C(O)CCCN2CCC(CC2)C(O)(c3ccccc3)c4ccccc4,0
CC[C@H]1OC(=O)[C@H](C)[C@@H](O[C@H]2C[C@@](C)(OC)[C@@H](O)[C@H](C)O2)[C@H](C)[C@@H](O[C@@H]3O[C@H](C)C[C@@H]([C@H]3O)N(C)C)[C@](C)(O)C[C@](C)(F)C(=O)[C@H](C)[C@@H](O)[C@]1(C)O,0
CNC(C)C1CCC(N)C(O1)OC2C(N)CC(N)C(OC3OCC(C)(O)C(NC)C3O)C2O,0
CO/N=C(C(=O)N[C@H]1[C@H](C)N(OCC(=O)OCC(=O)OC(C)(C)C)C1=O)/c2csc(N)n2,0
CC1CN(CCN1)c2cc3N(C=C(C(O)=O)C(=O)c3c(C)c2F)C4CC4,0
CN(C)C1C2CC3C(=C(O)c4c(O)cccc4C3(C)O)C(=O)C2(O)C(=O)\C(=C(/O)NCN5CCN(CC5)C(=N)N=C(N)N)C1=O,0
CC1(C)N[C@@H](C(=O)N1[C@H]2[C@H]3SC(C)(C)[C@@H](N3C2=O)C(O)=O)c4ccccc4,0
CC(Cc1ccccc1)NO,0
CNC(C)C(O)c1ccc(O)cc1,0
CC1=CC(=O)Oc2cc(O)ccc12,0
C[C@@H]1O[C@H](C[C@H](N)[C@@H]1O)O[C@H]2C[C@@](O)(Cc3c(O)c4C(=O)c5ccccc5C(=O)c4c(O)c23)C(C)=O,0
CNC1C(O)C(OCC1(C)O)OC2C(O)C(OC3OC(CN)C(O)C(O)C3O)C(N)CC2NC(=O)C(O)CN,0
CC1(C)S[C@@H]2[C@H](NC(=O)C(C)(C)Oc3ccccc3)C(=O)N2[C@H]1C(O)=O,0
CO[C@H]1[C@@H](CC(=O)O[C@H](C)C/C=C/C=C/[C@H](O)[C@H](C)C[C@H](CC=O)[C@@H]1O[C@@H]2O[C@H](C)[C@@H](O[C@H]3C[C@@](C)(O)[C@@H](OC(=O)CC(C)C)[C@H](C)O3)[C@@H]([C@H]2O)N(C)C)OC(C)=O,0
CNCC[C@@H](O)[C@@H]1C[C@@H](CN1)SC2=C(N3[C@H]([C@H]2C)[C@@H]([C@@H](C)O)C3=O)C(O)=O,0
COc1cccc2C(=O)c3c(O)c4C[C@](O)(C[C@H](O[C@H]5C[C@H](NC(=O)[C@@H](N)CC(C)C)[C@H](O)[C@H](C)O5)c4c(O)c3C(=O)c12)C(=O)CO,0
CC[C@H]1OC(=O)[C@H](C)[C@@H](OC2CC(C)(OC)C(O)C(C)O2)C(C)[C@@H](OC3OC(C)CC(C3O)N(C)C)[C@](C)(O)C[C@@H](C)\C(=N/OC)[C@H](C)[C@@H](O)[C@]1(C)O,0
CCCC1CC(N(C)C1)C(=O)NC(C(C)O)C2OC(SC)C(O)C(O)C2O,0
[Cl-].CN(C)[C@H]1[C@@H]2C[C@H]3C(=C(O)c4c(O)ccc(Cl)c4[C@@]3(C)O)C(=O)[C@]2(O)C(=O)\C(=C(N)\O)C1=O.[H+],0
CC1(C)S[C@@H]2[C@H](N=CN3CCCCCC3)C(=O)N2[C@H]1C(O)=O,0
CC(CN(C)C)OC(C)(c1ccccc1)c2ccc(Cl)cc2,0
CC1OC(CC(N)C1O)OC2CC(O)(Cc3c(O)c4C(=O)c5ccccc5C(=O)c4c(O)c23)C(=O)CO,0
O.O.O.C[C@H](O)C1C2[C@@H](C)C(=C(N2C1=O)C(O)=O)S[C@@H]3CN[C@@H](C3)C(=O)N(C)C,0
CC1(C)SC2C(NC(=O)C(N=C)c3ccccc3)C(=O)N2C1C(O)=O,0
CN(C)[C@H]1[C@@H]2[C@@H](O)[C@@H]3C(=C)c4cccc(O)c4C(=C3C(=O)[C@]2(O)C(=O)\C(=C(N)/O)C1=O)O,0
CNC(C)C(=O)c1ccc(OC)cc1,0
CCC(=O)OC1CC(=O)OC(C)C\C=C\C=C/C(O)C(C)CC(CC=O)C(O[C@@H]2O[C@H](C)[C@@H](O[C@H]3C[C@@](C)(O)[C@H](OC(=O)CC)[C@@H](C)O3)[C@@H]([C@H]2O)N(C)C)C1OC,0
CCC1NC(=O)C(NC(=O)c2ncccc2O)C(C)OC(=O)C(NC(=O)C3CC(=O)CCN3C(=O)C(Cc4ccc(cc4)N(C)C)N(C)C(=O)C5CCCN5C1=O)c6ccccc6,0
CCCCCC1CNC(C1)C(=O)NC(C(C)Cl)C2OC(SC)C(O)C(O)C2O,0
NC[C@H]1O[C@H](O[C@@H]2[C@@H](N)C[C@@H](N)[C@H](O)[C@H]2O)[C@H](N)[C@@H](O)[C@@H]1O,0
CCN[C@@H]1C[C@H](N)[C@@H](O[C@H]2OC(=CC[C@H]2N)CN)[C@H](O)[C@H]1O[C@H]3OC[C@](C)(O)[C@H](NC)[C@H]3O,0
COC(=O)C1=C(C)NC(=C(C1c2ccccc2[N+]([O-])=O)C(=O)OC)C,0
CCOC(=O)C1=C(C)NC(=C(C1c2cccc(c2)[N+]([O-])=O)C(=O)OC)C,0
CN(C)[C@H]1[C@@H]2C[C@@H]3Cc4c(ccc(O)c4C(=C3C(=O)[C@]2(O)C(=O)\C(=C(N)/O)C1=O)O)[N+]([O-])=O,0
COC1CC(OC(C)C1O)O[C@H]2[C@H](C)[C@@H](OC3OC(C)CC(C3O)N(C)C)[C@@H](C)C[C@]4(CO4)C(=O)[C@H](C)[C@@H](O)[C@@H](C)[C@@H](C)OC(=O)[C@@H]2C,0
CO\N=C(C(=O)NC1[C@H](C)N(OCC(O)=O)C1=O)\c2csc(N)n2,0
CC(=O)OCOC(=O)C1N2C(SC1(C)C)C(NC(=O)Cc3ccccc3)C2=O,0
[Na].CC1(C)SC2C(NC(=O)Cc3ccccc3)C(=O)N2C1C(O)=O,0
CC(Oc1ccccc1)C(=O)NC2C3SC(C)(C)C(N3C2=O)C(O)=O,0
CN(C)C1C2CC3C(=C(O)c4c(O)cccc4C3(C)O)C(=O)C2(O)C(=O)\C(=C(/O)NCN5CCN(CCO)CC5)C1=O,0
CC(C)(C)C(=O)OCOC(=O)[C@@H]1N2[C@H](SC1(C)C)[C@H](NC(=O)[C@H](N)c3ccccc3)C2=O,0
CNCC(O)c1cccc(OC(=O)C(C)(C)C)c1,0
CC1OC(=O)C(NC(=O)C2CC(=O)CCN2C(=O)C(Cc3ccc(cc3)N(C)C)N(C)C(=O)C4CCCN4C(=O)C(C)NC(=O)C1NC(=O)c5ncccc5O)c6ccccc6,0
CCC(Oc1ccccc1)C(=O)NC2C3SC(C)(C)C(N3C2=O)C(O)=O,0
NCC1OC(OC2C(N)CC(NC(CO)CO)C(OC3OC(CO)C(O)C(N)C3O)C2O)C(N)C(O)C1O,0
CCN(CC)C(C)=NN=Cc1c(O)c2c3C(=O)C4(C)OC=CC(OC)C(C)C(OC(C)=O)C(C)C(O)C(C)C(O)C(C)C=CC=C(C)C(=O)Nc1c(O)c2c(O)c(C)c3O4,0
CCN(CC)C(=O)COc1cc2NC(=O)C(=C\C=C\[C@H](C)[C@H](O)[C@@H](C)[C@@H](O)[C@@H](C)[C@H](OC(C)=O)[C@H](C)[C@@H](OC)/C=C/O[C@@]3(C)Oc4c(C)c(O)c(c2O)c1c4C3=O)/C,0
CO[C@H]1/C=C/O[C@@]2(C)Oc3c(C)c(O)c4c(O)c(NC(=O)C(=C\C=C\[C@H](C)[C@H](O)[C@@H](C)[C@@H](O)[C@@H](C)[C@H](OC(C)=O)[C@@H]1C)/C)cc(O)c4c3C2=O,0
CC[C@H]1OC(=O)[C@H](C)[C@@H](O[C@H]2C[C@@](C)(OC)[C@@H](O)[C@H](C)O2)[C@H](C)[C@@H](O[C@@H]3O[C@H](C)C[C@@H]([C@H]3O)N(C)C)[C@](C)(O)C[C@@H](C)\C(=N\OCOCCOC)[C@H](C)[C@@H](O)[C@]1(C)O,0
COCOC(=O)C1N2C(SC1(C)C)C(N3C(=O)C(NC3(C)C)c4ccc(O)cc4)C2=O,0
COCOC(=O)[C@@H]1N2[C@H](SC1(C)C)[C@H](N3C(=O)C(NC3(C)C)c4ccccc4)C2=O,0
CN[C@@H]1[C@@H](O)[C@H](OC[C@]1(C)O)O[C@H]2[C@H](N)C[C@H](N)[C@@H](O[C@H]3OC(=CC[C@H]3N)CN)[C@@H]2O,0
CC1(C)S[C@@H]2[C@H](NC(=O)C(c3ccccc3)[S](O)(=O)=O)C(=O)N2[C@H]1C(O)=O,0
[Na+].[Na+].CC1(C)S[C@@H]2[C@H](NC(=O)[C@H](N[S]([O-])(=O)=O)c3ccccc3)C(=O)N2[C@H]1C([O-])=O,0
CO[C@]1(NC(=O)C(C(O)=O)c2cscc2)[C@H]3SC(C)(C)[C@@H](N3C1=O)C(O)=O,0
CN1C(=O)N(C)c2ncn(CCNCC(O)c3ccc(O)c(O)c3)c2C1=O,0
CC1(C)[C@H](NC(=O)C(=N\OCC(O)=O)/c2csc(N)n2)C(=O)N1O[S](O)(=O)=O,0
NC[C@H]1O[C@H](O[C@@H]2[C@@H](N)C[C@@H](N)[C@H](O[C@H]3O[C@H](CO)[C@@H](O)[C@H](N)[C@H]3O)[C@H]2O)[C@H](N)C[C@@H]1O,0
Cc1ccc(cc1)C(=O)c2cc(O)c(O)c(c2)[N+]([O-])=O,0
CO[C@H]1C[C@@H](O[C@@H](C)[C@@H]1OC(C)=O)O[C@H]2[C@H](C)[C@@H](O[C@@H]3O[C@H](C)C[C@@H]([C@H]3OC(C)=O)N(C)C)[C@@H](C)C[C@@]4(CO4)C(=O)[C@H](C)[C@@H](OC(C)=O)[C@@H](C)[C@@H](C)OC(=O)[C@@H]2C,0
CC(C)c1ccc(C)cc1OCC2=NCCN2,0
CC[C@]1(O)C[C@H]2CN(CCc3c([nH]c4ccccc34)[C@@](C2)(C(=O)OC)c5cc6c(cc5OC)N(C)[C@H]7[C@](O)([C@H](O)[C@]8(CC)C=CCN9CC[C@]67[C@H]89)C(N)=O)C1,0
ClC(C(F)(F)Cl)(F)F,1
[H+].C1=NC3=C([N]1CCNC(CC2=CC=CC=C2)C)C(=O)N(C(=O)N3C)C.[Cl-],1
C1=C(Cl)C=CC(=C1N2CCN(CCCNC(C)=O)CC2)Cl,1
[C@]34([C@H]([C@H]2[C@@H]([C@@]1(C([C@@H](C(CC1)OC(C)=O)Br)[C@@H](C2)Br)C)CC3)CC[C@@H]4[C@@H](CCCC(C)C)C)C,1
C(C(C(NC(NC(C)=O)=O)=O)(CC)Br)C,1
C(C(NC(C)=O)C(O)=O)CC(N)=O,1
C1=CC=CC=C1C3(CCN(CCCC(C2=CC=C(F)C=C2)=O)CC3)CNC(C)=O,1
C2=C(C(OC1=CC=C(C=C1)NC(C)=O)=O)C(=CC=C2)O,1
CC(NC1=NN=C(S1)[S](N)(=O)=O)=O,1
C1=NC(=NC(=C1CN(C(=C(\CCOC(C)=O)SC(C)=O)/C)C=O)N)C,1
[C@H]23OC1=C(OC(=O)C)C=CC6=C1C25C4(C[C@@H](C3(OC)C=C4)[C@](O)(CCC)C)C(N(CC5)C)C6,1
C2=C(C(C1=CC=CC=C1)(C(OC(=O)C)CC)CC(N(C)C)C)C=CC=C2,1
[C@]12(OC1)[C@@H]3C(=C[C@@H]2OC(=O)CC(OC(=O)C)(C)C)C(=CO[C@H]3OC(=O)CC(C)C)COC(=O)C,1
[C@]12(OC(O[C@@H]1CC3C2(CC(O)C4(F)C3CCC5=CC(=O)C=CC45C)C)C=C)C(=O)CO,1
C1=NC2=C([N]1COCCO)NC(=NC2=O)N,1
C1=CC(=CC=C1CC(OC(C(C)N)=O)(C)C)Cl,1
[C@@]4([C@@]3([C@H]([C@H]2[C@@H]([C@@]1(C(=CC(=O)C=C1)C[C@H]2Cl)C)[C@H](C3)O)C[C@H]4C)C)(C(COC(CC)=O)=O)OC(CC)=O,1
[C@@H]12C4([C@@H](CCC1[C@H]3C(CC2=O)(C(CC3)C(=O)CO)C)C[C@H](O)CC4)C,1
[C@@H]23[C@H]([C@H]1[C@]([C@@H](C(C)=O)CC1)(C)CC2=O)CC[C@@H]4[C@@]3(CC[C@H](C4)O)C,1
CC14C5(C(CC1C3C(C2(C(=CC(=O)CC2)CC3)C)CC4)OC(O5)(C)C)C(C)=O,1
COC1(C(F)(F)C1(F)Cl)F,1
[C@@](O)(C5C6(OC)C2OC1=C(O)C=CC4=C1C23C(C(N(CC3)CC=C)C4)(C5)C=C6)(CCC)C,1
C(N1C(C(C)OC1=O)=O)C=C,1
[C@H]3(CN(C2=CC=C(OCC1=CC=CC(=C1)Cl)C=C2)C(O3)=O)CNC,1
C1=C(C(=CC=C1Cl)N(C(CN(C(CC#N)C)C)=O)C)C(C2=C(C=CC=C2)F)=O,1
[C@]2(C1=CC=CC=C1)([C@H](CN(C)CC2)CC)OC(CC)=O,1
[C@H](C(C1=CC=CC=C1)(C2=CC=CC=C2)C[C@H](N(C)C)C)(CC)O,1
C1=C(C(=CC(=C1[S](NC)(=O)=O)N)OC)C(NCC2N(CCC2)CC=C)=O,1
[C@H]23C([C@@]1(OC(O[C@@H]1C2)(CC)CC)C(=O)CO)(C[C@H](O)[C@@]4(F)C3CCC5=CC(=O)C=CC45C)C,1
[C@H]12[C@@]([C@](OC(=O)CC)([C@H](C1)C)C(=O)COC)(C[C@H](O)[C@@]3(F)[C@H]2CCC4=CC(=O)C=C[C@]34C)C,1
C1=C(C(=C(C=C1)C)NC(C2=CC=C(N)C=C2)=O)C,1
C2=C(C(NC(CC1=CC=CC=C1)C)C#N)C=CC=C2,1
C3=C2C([NH2+]CCCCCCC(O)=O)C1=CC=CC=C1CCC2=CC=C3.[Cl-],1
C1=C([S](CC)(=O)=O)C(=CC(=C1C(NCC2N(CCC2)CC)=O)OC)N,1
C1=CC=CC2=C1C(C3=C(CC2)C=CC=C3)=CCC[N+](C)(C)[O-],1
C1=CC=CC=C1C(CN2CCCC2)OCCC(C)C,1
CN(C)c1cnccn1,1
C(C(C)(C)O)C,1
[C@H](N1C3=C(SC2=C1C=CC=C2)C=CC(=C3)C(=O)NCCC)(CN4CCCC4)C,1
C(C1(C(NC(=O)NC1=O)=O)C(C)C)C=C,1
C1=CC=CC(=C1C(O)=O)OC(C)=O,1
C1=CC=CC(=C1C(NC2=C(C=C(N(CC)CC)C=C2)C)=O)N,1
C1=CC=CC=C1C(C(OC2CC3N(C)C(C2)CC3)=O)(CO)C,1
C1=CC=CC=C1C(C(OC2CC3[N+](C(C2)CC3)(C)[O-])=O)CO,1
[C@@H](C(NCC(N(C1=CC=C(C=C1C(C2=CC=CC=C2)=O)Cl)C)=O)=O)(CCCCN)N,1
C(C1(C(NC(=O)NC1=O)=O)CC)C,1
C1=CC=CC=C1CNC(CCCl)=O,1
[C@]23([C@H]([C@H]1[C@]([C@](C(CO)=O)(O)[C@H](C1)C)(C)C[C@@H]2O)CCC4=CC(=O)C=C[C@]34C)Cl,1
[C@@H]2(CN(C1=CC=C(C=C1)OCC[C@H](C(F)(F)F)O)C(O2)=O)COC,1
C1=CC=CC(=C1C(OC2=CC=C(NC(C)=O)C=C2)=O)OC(C)=O,1
C1=CC=C(Cl)C3=C1\C(C2=CC=CC=C2C=C3)=C/CC[N+]([O-])(C)C,1
C(C1=CC=CC=C1)O,1
[C@@H]4(C1=C2C(=CC(=C1)Br)CCO2)C3=C(C=C(Cl)C(=C3)O)CCN(C4)C,1
[C@]14([C@@]([C@@H](C)C[C@H]1[C@H]3[C@]([C@@]2(C(=CC(=O)C=C2)CC3)C)(F)[C@H](C4)O)(OC(CCCC)=O)C(CO)=O)C,1
[C@H](CCCNC(C)=O)(C(O)=O)NC(C)=O,1
[C@@]23(C([C@H](N(CC1(CC1)O)CC2)CC4=C3C=C(C=C4)O)(C)C)CC,1
CC(C(C(NC(N)=O)=O)Br)C,1
C(Br)(Br)Br,1
C1=C(C(=C(C=C1Br)C)O)C(N)=O,1
C2=C(C1C(NC(C1)=O)=O)C=CC=C2Br,1
C1=C(Br)SC2=C1C(=NCC3=NN=C([N]23)C)C4=C(C=CC=C4)Cl,1
[C@@H](CC[N]2C1=C(C(N=C(N1)N)=O)N=C2)(CO)O,1
C1=C(C=CC(=C1)NC(C)=O)OC(C)(C)C,1
[C@]1(O)(C[C@@H]4N(CC1)C[C@@H]2C5=C(CCC3=CC=CC=C23)C=CC=C45)C(C)(C)C.[H+].[Cl-],1
C1=C(C(CCC)=O)C=CC3=C1N(C2=C(C=CC=C2)S3)CCCN4CCN(C)CC4,1
C(C(CCCC)CC)NC(CC(C)O)=O,1
[C@@H]34C1=CC=CC2=C1C(=C[NH]2)C[C@H]3N(C[C@@H](C4)C(N(C(NCC)=O)CCCN(C)C)=O)CC=C,1
C1=NC3=C([N]1CCNC(C(C2=CC=CC=C2)O)C)C(N(C)C(N3C)=O)=O,1
C1=C(Cl)C=CC2=C1C(=NC(OC(N(C)C)=O)C(N2C)=O)C3=CC=CC=C3,1
C1=C(C(=CC=C1C(/CCCCC)=N\OCCN)C)N,1
C1=CC(=CC=C1C(C2=CC=CC=C2)SCCN(C)C)SCCCC,1
C(C1(C(NC(=O)NC1=O)=O)CCCC)COC(N)=O,1
C1=C(C(OC(N)=O)C#C)C=CC=C1,1
C2=C(C(CCCN1CCC(OC(NC(C)C)=O)CC1)=O)C=CC(=C2)F,1
C1=C(C=CC3=C1N(CCCN2CCN(CC2)CCO)C4=C(S3)C=CC=C4)C(CC)=O,1
C1=C(C=CC(=C1)[S](N)(=O)=O)C(O)=O,1
[C@@H](C(C1=CC=CC=C1)=O)(C)N,1
C1=C(C(O)C(CO)NC(C(Cl)Cl)=O)C=CC(=C1)C(=O)C,1
C1=C(CN(C(=C(SC(OCC)=O)/CCOC(OCC)=O)/C)C=O)C(=NC(=N1)C)N,1
C(C(OC(C(Cl)(Cl)Cl)O)C)C(C)(C)O,1
C1=CC(=CC=C1C2[S](CCC(N2C)=O)(=O)=O)Cl,1
C(Cl)(Cl)Cl,1
[C@H]23C([C@@]1(OC(O[C@@H]1C2)(C)C)C(=O)COC(=O)C)(CC(O)[C@@]4(F)C3CC(=C5C4(CCC(=C5)OCCCl)C)C#N)C,1
C(C1CCCCC1)NN,1
CC(C(C1CCCCC1)O)C,1
C1=CC(=CC=C1N2CC(COC)OC2=O)OCC3=CC(=CC=C3)C#N,1
C1=C(Cl)C=CC2=C1C(=NC(O)C(N2CCC#N)=O)C3=CC=CC=C3F,1
[C@@]23(F)[C@H]([C@H]1[C@@]([C@@]([C@H](C1)C)(O)C(=O)CCl)(CC2=O)C)CCC4=CC(=O)C=C[C@]34C,1
[C@]4([C@@]3([C@H]([C@H]2[C@]([C@@]1(C(=CC(=O)C=C1)CC2)C)(F)C(C3)=O)C[C@@H]4C)C)(OC(CCC)=O)C(CCl)=O,1
C1=C(Cl)C=CC4=C1N(CCCN3CCC(N2CCCCC2)(CC3)C(N)=O)C5=C(CC4)C=CC=C5,1
[C@@]24(Cl)C1(C(=CC(=O)C=C1)[C@@H](F)CC2C3C(C([C@@H](C3)C)C(=O)CO)(CC4O)C)C,1
[C@H]2(C1=CC(C=C[C@@]1(C4([C@@H](C2)[C@@H]3C[C@H]([C@H](C(COC(=O)C)=O)[C@@]3(C)C[C@@H]4O)C)Cl)C)=O)F,1
[C@@]24(Cl)C1(C(=CC(=O)C=C1)[C@@H](F)CC2C3C(C([C@@H](C3)C)C(=O)COC(=O)C(C)(C)C)(CC4O)C)C,1
C2=C(C1(OCCN(CC)CC)CCCCC1)C=CC(=C2)Cl,1
C1=C(C(=CC=C1C3(CCN(CCCC(C2=CC=C(F)C=C2)=O)CC3)O)Cl)C(F)(F)F,1
C1=C(Cl)C=CC3=C1\C(C2=C(C=CC=C2)S3)=C/CCN4CCN(CCO)CC4,1
C(C(Cl)(Cl)Cl)OC(OCC(Cl)(Cl)Cl)=O,1
C1=C(C(=CC(=C1)Cl)Cl)OCCCN(CC#C)C,1
C3=C(C(C2CCN(CCCC(C1=CC=C(F)C=C1)=O)CC2)=O)C=CC(=C3)Cl,1
C1=C(Cl)C=CC4=C1C(N2CCN(C)CC2)CC3=C(C=CC=C3)S4,1
[C@]34([C@H](C2[C@@](F)([C@@]1(C(=CC(=O)C=C1)[C@@H](F)C2)C)[C@@H](O)C3)C[C@H]([C@]4(OC(=O)CC)C(SCCl)=O)C)C,1
CNC(=O)CCN1CCN(CCC=C2c3ccccc3Sc3ccc(cc23)Cl)CC1,1
[C@H]12C5CC4=C3[C@]1([C@H](C(C[C@@H]2CC)=O)OC3=C(C=C4)OC)CCN5CC6CC6,1
CC1CC2C3CC(F)(F)C4=CC(=O)C=C[C@]4(C)C3(F)C(O)CC2(C)C1(O)C(=O)CO,1
C(O)C(=O)C4(O)C3(C(C2C(C1(C(=CC(=O)CC1)CC2)C)CC3)CC4)C,1
[C@]34([C@H]([C@H]2[C@@H]([C@@]1(C(=CC(=O)CC1)CC2)C)C(C3)=O)CC[C@@]4(C(COC(C)=O)=O)O)C,1
C1=CC=CC2=C1C(C3=C(CC2)C=CC=C3)=CC(CN(C)C)=O,1
C(C(N(C(\C=C\C)=O)CC)C(N(C)C)=O)C,1
C1=CC=CC2=C1C3=C([NH]2)CCC(C3)N(C)C,1
C(C2(C1=CCCCC1)C(NC(=O)NC2=O)=O)C,1
C1=CC=CC2=C1C(C3=C(C=C2)C=CC=C3)=CCCN(C)C,1
C1=CC=CC3=C1C(C2=C(C=CC=C2)CC3)C(N)=O,1
[C@@]135C67[C@@H](N(CC1)CC2CC2)CC4=CC=C(O)C(=C34)O[C@@H]5C(OC)(C(C6)C(O)(C)C)C=C7,1
C(C1CCCCC1)CC(OCCN(C)C)=O,1
C1=CC=CC3=C1N(C2=C(C=CC=C2)S3)C(CN(C)C)=O,1
C1=C(C(N)=O)C=C(C(=C1OC)OCCCCCCCCCC)OC,1
C1=C(C(=CC=C1C)CC2=CC=CC=C2)N3CCNCC3,1
C1=NC2=C([N]1CC(C)=O)C(N(CCCC)C(N2CCCC)=O)=O,1
CC(=O)C3(O)CCC4C2CCC1=CC(=O)C=CC1(C)C2C(O)CC34C,1
C1=NC(=NC2=C1N=C[N]2COCCO)N,1
[C@H]34[C@H]2[C@@](F)([C@@]1(C(=CC(=O)C=C1)CC2)C)[C@@H](O)C[C@@]3([C@](O)([C@H](O)C4)C(=O)C)C,1
[C@]12(OC(O[C@@H]1C[C@@H]3C2(CC(O)[C@H]4C3CCC5=CC(=O)C=CC45C)C)(C)C)C(=O)CO,1
[C@H]23[C@@]([C@@]1(C(=CC(=O)C=C1)CC2)C)([C@H](C[C@]4([C@H]3C[C@@H](C)[C@@H]4C(CO)=O)C)O)F,1
[C@@]23(Cl)C(C1C([C@](O)(CC1)C(=O)CO)(CC2Cl)C)CCC4=CC(=O)C=CC34C,1
[C@@]23(Cl)C(C1C([C@](O)(CC1)C(=O)COC(=O)C)(CC2Cl)C)CCC4=CC(=O)C=CC34C,1
C1=C(Cl)C=C(C(=C1C(NCCN(CC)CC)=O)OC)Cl,1
C2=C(C1(C(N(C(=O)N(C1=O)CC(COCCCC)OC(N)=O)CC(COCCCC)OC(N)=O)=O)CC)C=CC=C2,1
[C@@]24(F)C1(C(=CC(=O)C=C1)[C@@H](F)CC2C3C(C([C@@H](C3)C)C(=O)CO)(CC4O)C)C,1
[C@H]23[C@@]([C@@]1(C(=CC(=O)C=C1)[C@H](C2)F)C)([C@H](C[C@]4([C@H]3C[C@@H](C)[C@@H]4C(COC(C(C)(C)C)=O)=O)C)O)F,1
CC1(C(NC(O1)=O)=O)C,1
C1=NC2=C([N]1CCN(C)C)C(N(C)C(N2C)=O)=O,1
CN(C(C)CC1=CC=CC=C1)C,1
C(C1(OC(COC(N)=O)CO1)C)CCCCCCCC,1
C2=C(C(C1=CC=CC=C1)(CC(NNC(C)=O)=O)O)C=CC=C2,1
[C@]235[C@@]67[C@H](N(CC1CC1)CC2)CC4=C3C(=C(C=C4)O)O[C@H]5[C@](OC)([C@H](C6)C(C)(C)O)CC7,1
[C@@]123C4=C(C[C@H]([C@@]1(CC[C@H](C2)O)O)N(CC3)C)C=CC(=C4OC)OC,1
C1=CC=CC=C1C(C)[N]2C=CN=C2C,1
C1=C(Cl)C=CC2=C1C(=NCC(N2CC[S](CC)(=O)=O)=O)C3=CC=CC=C3F,1
C1=C(C=CC=C1C(CNC(CCCO)=O)(CC)CC)OC,1
C3=C(C2=CC=C(N1CCC(O)CC1)N=N2)C(=CC(=C3)Cl)Cl,1
CC3CC2C1CCC(C(C)=O)C1(C)CC(O)C2C4(C)C=CC(=O)C=C34,1
[C@@]12(C3=C(N(C)[C@H]1N(C)CC2)C=CC(=C3)OC(NCCCCCCC)=O)C,1
C1=C(C(C)=O)C=CC(=C1C(NCC2N(CCC2)CC)=O)OC,1
C1=NC2=C([N]1CCN(CC)CC)C(N(C)C(N2C)=O)=O,1
[H+].C2=C1OCC(OC1=C(C=C2)OCC)CNCCCC.[Cl-],1
C(C)Cl,1
C=C,1
C(C1(C(C(=CNC1=O)C)=O)CC)C,1
C2=C(C1(CCCCC1)NCC)C=CC=C2,1
C(C(N1C(CCC1)=O)C(N)=O)C,1
[C@@H]34C1=CC=CC2=C1C(=C[NH]2)C[C@H]3N(C[C@H](C4)N[S](N(CC)CC)(=O)=O)C,1
C3=C(C(N1CCN(CC1)CCOCCOCCO)C2=CC=CC=C2)C=CC(=C3)Cl.O=C(O)\C=C\C(O)=O,1
C1=C(C=CC=C1N3CCN(CCCN2C(N(C(=N2)CC)CC)=O)CC3)Cl,1
C2=CC(=C3OC5C14C6(C(N(CC1)C)CC2=C34)CC(C5(OC)C=C6)C(O)(CCC)C)O,1
C3=C(C2(OC(C1CCCCN1)CO2)CC)C=CC=C3,1
C1=NC2=C([N]1CCC(COC(C)=O)COC(C)=O)N=C(N)N=C2,1
C1=CC=CC2=C1C3=C(C(=O)N2CCCN(C)C)C=CC=C3,1
C1=C(N=C2[N]1C(=C(CC)C(=N2)OC)C)C3=NOC(=N3)C,1
[C@H]1(NC(=O)CC1)C(=O)N2CCCCC2,1
C2=C(C1(C(N(CC(COCCCC)OC(N)=O)C(=O)NC1=O)=O)CC)C=CC=C2,1
C1=C(C(COC(N)=O)COC(N)=O)C=CC=C1,1
C3=C(C2C(COC1=CC=C(OC)C=C1)CN(C)CC2)C=CC=C3,1
C1=CC(=CC=C1C(CCCN3CCN(C(OC2CCCCC2)=O)CC3)=O)F,1
C3=C(C1C(N(CCO1)CCOC(C(C2=CC=CC=C2)CC)=O)C)C=CC=C3,1
C3=C(C1C(NCC)C2CC1CC2)C=CC=C3,1
C2=C(\C(NCCCC)=C\1C=C(Cl)C=CC1=O)C(=CC=C2)Cl,1
C4=C3[NH]C1=C(CCNC1CC2=CC=CC=C2)C3=CC=C4,1
C2=C(C1(C(C(=O)NC1=O)CC)C)C=CC=C2,1
C1=C(C(=CC=C1OCC2=NCCN2)Cl)Cl,1
C1=CC=CC=C1C2C(NC(=O)CO2)C,1
C1=C(C=CC=C1NC(NC2=NC(=O)CN2C)=O)Cl,1
C1=CC=CC=C1C2C(N=C(O2)NCC)=O,1
C1=CC(=CC=C1C(CC(C)(C)O)(C)O)Cl,1
C3=C(C1=NC(=N[N]1C)C2=CC=CN=C2)C(=CC=C3)CO,1
C1=C4C(=CC(=C1)CN3CCN(C(COC2=CC=C(Cl)C=C2)=O)CC3)OCO4,1
C1=C(C(CNC(C)(C)C)O)C(=CC=C1)F,1
[C@@H](C1=CC=C(C=C1)[S](C)(=O)=O)([C@H](NC(C(Cl)Cl)=O)CF)O,1
C1=C(C(F)(F)F)C=CC3=C1N(C2=C(C=CC=C2)S3)C(CCN(CC)CC)=O,1
[C@@]34(F)C(C2C(C1(N=C(OC1C2)C)C(=O)COC(=O)C)(CC3O)C)CCC5=CC(=O)C=CC45C,1
CCOC(=O)N(CCN(C)C)c1cccc(c1)C(F)(F)F,1
C1=C(C(=CC=C1[S](N)(=O)=O)OC)C(NCC3N(CC2=CC=C(F)C=C2)CCC3)=O,1
[C@@]23(Cl)C1(C(=CC(=O)C=C1)[C@@H](F)CC2C5C(CC3Cl)([C@]4(C(=O)CO)OC(O[C@@H]4C5)(C)C)C)C,1
[C@H]23[C@@]([C@@]1(C(=CC(=O)CC1)CC2)C)([C@H](C[C@]4([C@H]3CC[C@@]4(C(CO)=O)O)C)O)F,1
[C@H]23[C@@]([C@@]1(C(=CC(=O)CC1)CC2)C)([C@H](C[C@]4([C@H]3CC[C@@]4(C(COC(C)=O)=O)O)C)O)F,1
C1=C(F)C=CC2=C1NC(=C3C(=N2)SC(=C3)C)N4CCN(CC4)C,1
[C@]12(OC(O[C@@H]1CC3C2(CC(O)[C@@]4(F)C3C[C@H](F)C5=CC(=O)C=CC45C)C)(C)C)C(=O)C(OC)OC,1
[C@@]45([C@@]3([C@H]([C@H]2[C@]([C@@]1(C(=CC(=O)C=C1)[C@H](C2)F)C)(F)[C@H](C3)O)C[C@H]4OC(O5)(C)C)C)C(COC(C)=O)=O,1
CCCCOC(=O)C(=O)C3C(C)CC4C2CC(F)C1=CC(=O)C=CC1(C)C2C(O)CC34C,1
CCCCCC(=O)OCC(=O)C3C(C)CC4C2CC(F)C1=CC(=O)C=CC1(C)C2C(O)CC34C,1
C1=CC(=CC=C1[S](CC)(=O)=O)F,1
[C@]23([C@H]([C@H]1[C@]([C@@](OC(C)=O)(C(C)=O)CC1)(C)C[C@@H]2O)C[C@H](C)C4=CC(=O)C=C[C@]34C)F,1
[C@@H]1(C3=C([C@H](C2=C1C=CC=C2)C)C=CC(=C3)C(F)(F)F)CCCN(C)C,1
C2=C(C(OC1=CC=C(C=C1)C(F)(F)F)CCNC)C=CC=C2,1
C1=C(C(F)(F)F)C=CC3=C1N(C2=C(C=CC=C2)S3)CCCN4CCN(CCOC(CCCCCC)=O)CC4,1
C1=CC=CC3=C1N(CCCN2CCC(OCCO)CC2)C4=C(S3)C=CC(=C4)C(F)(F)F,1
C1=C(C=CC=C1N2CCN(CCNC(N)=O)CC2)C(F)(F)F,1
C1=CC=CC=C1N2C5(C(NC2)=O)CCN(CCCC(C3=CC=C(C=C3)F)C4=CC=C(C=C4)F)CC5,1
C1=C(Cl)C=CC2=C1C3(N(CC(=O)N2CCO)CCO3)C4=CC=CC=C4F,1
CN2C(=O)C(O)N=C(c1ccccc1F)c3cc(Cl)ccc23,1
CC4CC3C2CC(F)C1=CC(=O)C=CC1(C)C2(F)C(O)CC3(C)C4(O)C(=O)SCF,1
[C@]4([C@@]3([C@H]([C@H]2[C@]([C@@]1(C(=CC(=O)C=C1)[C@H](C2)F)C)(F)[C@H](C3)O)C[C@H]4C)C)(OC(CC)=O)C(SCF)=O,1
C1=C(C(F)(F)F)C=CC3=C1N(C2=C(SC=C2)S3)CCCN4CCN(CCO)CC4,1
C1=C(C(OCC)=O)[N](C=N1)C(C)C2=CC=C(C=C2)F,1
C1=CC(=CC2=C1[N](C4=C2CN(CCCC(C3=CC=C(C=C3)F)O)CC4)C5=CC=C(F)C=C5)F,1
[C@@H](O)(/C=C/C1=C(C2=C([N]1C(C)C)C=CC=C2)C3=CC=C(F)C=C3)C[C@H](O)CC(=O)O,1
C1=C(C(F)(F)F)C=CC(=C1)C(=N/OCCN)/CCCCOC.O=C(O)\C=C/C(=O)O,1
C2=C(OC1CN(C(NC)=O)C1)C=CC=C2C(F)(F)F,1
[C@H](NC(C3=CC=C(NCC1=NC2=C(N=C1)NC(=NC2=O)N)C=C3)=O)(CCC(O)=O)C(O)=O,1
[C@]12(OC(O[C@@H]1CC3C2(CC(O)[C@@]4(F)C3CC(=C5C4(CCC(=C5)OCCCl)C)C=O)C)(C)C)C(=O)COC(=O)C,1
C1=CC(=CC2=C1N(C(CN=C2C3=CC=CC=C3)=O)C[P](C)(C)=O)Cl,1
C1=CC=CC=C1[P](C2=CC=CC=C2)(CC(NN)=O)=O,1
[C@@H]1([P](O)(O)=O)[C@H](C)O1,1
C1=CC=CC=C1C3(C2=CC=CC=C2)C(N(CO[P](O)(O)=O)C(N3)=O)=O,1
C1=C(C(F)(F)F)C=CC3=C1N(C2=C(C=CC=C2)S3)C(CCN4CCN(C)CC4)=O,1
C1=C(C(F)(F)F)C=CC3=C1N(C2=C(C=CC=C2)S3)C(CCN4CCN(CCO)CC4)=O,1
C1=C(Cl)C=CC3=C1N(C2=C(C=CC=C2)S3)CCCN5CCC(C4C(OCC4)=O)(O)CC5,1
C1=NC(=NC(=C1CN(C(=C(SSCC2CCCO2)\CCO)/C)C=O)N)C,1
O=C2C1=C(CNCC1)ON2,1
[C@H]13[C@@H]([C@@]2([C@@H](CC1)C[C@](O)(CC2)C)C)CC[C@]4([C@H]3CC[C@@H]4C(=O)C)C,1
C1=NC(=C(C2=C1[NH]C3=C2C(=CC=C3)OC4=CC=C(C=C4)Cl)COC)C(OC(C)C)=O,1
C1=C(O)C=CC4=C1C3(C(C(N(CC2CC2)CC3)C4)(C)C)CC,1
[H+].C1=CC=NC(=N1)N2CCN(CC2)CCCCN3C(=O)CC(CC3=O)(C)C.[Cl-],1
C1=C(F)C=CC2=C1C3=C([NH]2)CCN(C3)CCCC4=CN=CC=C4,1
C1=C(OC)C(=CC2=C1C(=NN=C(C2)C)C3=CC=CC(=C3)Cl)OC,1
[C@@]45([C@@]3([C@H]([C@H]2[C@]([C@@]1(C(=CC(=O)CC1)CC2)C)(F)[C@H](C3)O)C[C@H]4OC(O5)(C)C)C)C(CCl)=O,1
[C@H]23C(Cl)([C@@]1(C(=CC(=O)C=C1)[C@@H](F)C2)C)[C@@H](F)C[C@]4([C@H]3C[C@H]([C@@H]4C(=O)CO)C)C,1
C1=CC(=CC4=C1N(C3CCN(CCNC(C2=CC=C(F)C=C2)=O)CC3)C(N4)=O)Cl,1
C1=CC(=CC=C1C3(CCN(CCCC(C2=CC=C(C=C2)F)=O)CC3)OC(CCCCCCCCC)=O)Cl,1
[C@]34([C@H]([C@H]2C([C@@]1(C(=CC(C(=C1)Br)=O)[C@@H](C2)F)C)([C@H](C3)O)F)CCC4(C(=O)CO)O)C,1
C1=C(Br)C=CC3=C1C2(N(CCO2)CC(=O)N3)C4=C(C=CC=C4)F,1
C2=C(C(C1=CC=CC=C1)(C(CCCCC)N)O)C=CC=C2,1
C3=C2N(C1=CC=CC=C1C=CC2=CC=C3)CCCN4C=CN(CC=C4)CCO,1
C1=CC(=C5C2=C1CC6C34C2(C(C(OC)(C(C3)C(CC)(C)O)C=C4)O5)CCN6CC7CC7)OC,1
[C@H](C(NCCCC(O)=O)=O)(C(CO)(C)C)O,1
[C@]34([C@H]([C@H]2[C@@H]([C@@]1(C(=CC(=O)CC1)CC2)C)[C@H](C3)O)CC[C@@]4(C(COC(CN(CC)CC)=O)=O)O)C,1
[C@@]4([C@@]3([C@H]([C@H]2[C@@H]([C@@]1(C(=CC(=O)CC1)CC2)C)[C@H](C3)O)CC4)C)(C(COC(C)=O)=O)OC(CC)=O,1
[C@]34([C@H]([C@H]2[C@@H]([C@@]1(C(=CC(=O)CC1)CC2)C)[C@@H](O)C3)CC[C@]4(O)C(=O)COC(=O)CCC(O)=O)C.O,1
[C@@]4(OC(=O)CCCC)(C3(C(C2C(C1(C(=CC(=O)CC1)CC2)C)C(O)C3)CC4)C)C(=O)CO,1
CC14CCC(=O)C=C1CCC5C3CCC(O)(C(=O)COC(=O)CCC2CCCC2)C3(C)CC(O)C45,1
[C@@]125C3=C4C[C@H]([C@@]1(CC[C@@H]([C@@H]2OC3=C(C=C4)O)O)O)N(C)CC5,1
C1=C(O)C=CC2=C1C(=C(C)[N]2CC3=CC=C(OC)C=C3)CCN,1
C(C(C(C)C)(C(N)=O)Br)C,1
C1=C(Cl)C=CC2=C1C(=NCC(N2CCOCC3CC3)=O)C4=CC=CC=C4,1
[C@@H]2(OC1=C(C(=CC=C1)C)C)[C@@H](CNCC2)O,1
C1=C3C(=CC=C1\C=C\C(N2CCCCC2)=O)OCO3,1
C1=CC(=CC2=C1C(=NO2)C4CCN(CCCOC3=C(C=C(C(C)=O)C=C3)OC)CC4)F,1
C1=C(Cl)C=CC3=C1N(C2=C(C=CC=C2)S3)CCCN5CCN(CCN4C(N(C)CC4)=O)CC5,1
C2=C(N1C(N(CCN(C)C)CC1)=O)C=CC=C2Cl,1
C1=CC=CC2=C1N(C3=C(CC2)C=CC=C3)CCC[N+](C)(C)[O-],1
[C@@H]2(C1=CC=CC=C1[C@H](NC)C2)C3=CC=C(Cl)C(=C3)Cl.[H+].[Cl-],1
C2=C(C1=C(C=CC1)C=C2)OCC3CNCCO3,1
C1=CC(=CC2=C1[N](C(=C2CC(O)=O)C)C(C3=CC=C(Cl)C=C3)=O)OC,1
C1=CC=CC3=C1C(C2=CC=CC=C2)(C=C3)CCN(C)C,1
C1=CC(=CC=C1OCC(NNC(C)C)=O)Cl,1
CSC1=C(N=C(N=C1N2CCN(C)CC2)NC(C)C)Cl,1
[H+].C1=CC=CC2=C1[S](=O)(=O)N(C2=O)CCCCN4CCN(C3=NC=CC=N3)CC4.[Cl-],1
C1=C(C)ON=C1C(NNCC2=CC=CC=C2)=O,1
C(C(C1(CCC2C4C(C(CC12C)O)(F)C3(C=CC(C=C3CC4)=O)C)O)=O)O,1
[C@H]23[C@@]([C@@]1(C(=CC(=O)C=C1)CC2)C)([C@H](C[C@]4([C@H]3CC[C@@]4(C(COC(C)=O)=O)O)C)O)F,1
[C@]34([C@H]([C@H]2C(F)([C@@]1(C(=CC(=O)C=C1)[C@@H](F)C2)C)[C@@H](O)C3)C[C@H]5O[C@H](O[C@@]45C(O[C@@H](OC(OCC)=O)C)=O)CCC)C,1
[C@H]3(CCCC1=C2C(=NC=C1)C=CC(=C2)OC)[C@@H](CNCC3)C=C,1
[C@H]12N(CC[C@](C1C)(C3=C(C2=O)C=CC(=C3)O)C)CC4CC4,1
C1=C(Cl)C=CC2=C1C3(N(CC(=O)N2C)C(C=C(O3)C)=O)C4=CC=CC=C4,1
C1=C(C=CC=C1C2(CCN(C)CC2)C(CC)=O)O,1
C1=CC=NC(=N1)N3CCN(CCCC[N]2C=C(Cl)C=N2)CC3,1
C5=C(C(CN1C2C4C(CC1)(C3=C(C2)C=CC(=C3)O)CCCC4)=O)C=CC=C5,1
C1=CC=CC2=C1C(C(N2C3=CC=CC=C3)=O)(CC4=CC=NC=C4)CC5=CC=NC=C5,1
[C@@H]14C(=C[C@H](NC(N(CC)CC)=O)CN1C)C2=CC=CC3=C2C(=C[NH]3)C4,1
C1=CC=CC3=C1C(C2=C(C=CC=C2)C3(C)C)=CCCNC,1
C1=C(Cl)C=CC3=C1N(C2=CC=CC=C2)C(CCN3)=O,1
[C@]3(N(C1=CC=CC=C1)C(=O)CC)(C(=O)OC)[C@H](CN(CCC2=CC=CC=C2)CC3)C,1
[H+].C1=CC=CC2=C1N(C3=C(CC2)C=CC=C3)CCCN(CC(=O)C4=CC=C(Cl)C=C4)C.[Cl-],1
C1=C(C2=C(C(=C1)OC)CCCC2N(C)C)Cl,1
C3=C(C1=NC(C(=O)NC2=C1N=C(Cl)C=C2)O)C(=CC=C3)Cl,1
C1=CC(=CC4=C1N2C(=NC(/C2=O)=C\N3CCN(C)CC3)CN=C4C5=C(C=CC=C5)Cl)[N+](=O)[O-],1
C1=CC(=CC2=C1C(C3=C(CC2)C=CC=N3)=C4CCN(C(OCC)=O)CC4)Cl,1
C1=C(Cl)C=CC2=C1C(=NC(O)C(N2C)=O)C3=CC=CC=C3Cl,1
[C@H]23C1=NN=C([N]1C[C@H]2CCC3)CCN4CCN(CC4)C5=CC=CC(=C5)C(F)(F)F,1
[C@@]123OC4=C(C(C1CN(CC2)C)CC(=O)N3)C=C(Cl)C=C4,1
C1=CC(=CC(=C1N(C(=O)CNC(=O)CN)C)C(=O)C2=CC=CC=C2Cl)Cl.O,1
C2=C(C(C1C(=CC(O1)=O)OC)O)C(=CC=C2)Cl,1
CCOC(=O)OC3(CCC4C2CCC1=CC(=O)C=CC1(C)C2C(O)CC34C)C(=O)OCCl,1
C1=C(Cl)C=CC2=C1C(=NC3=C(O2)C=CC=C3)N4CCN(CC4)C,1
C1=CC(=CC2=C1C(=NCC(N2C)CNC(C3=COC=C3)=O)C4=CC=CC=C4)F,1
C1=CC=CC2=C1C(N3C2=NCC3)(C4=CC=C(C=C4)Cl)O,1
[C@]34([C@H]([C@H]2[C@@H]([C@@]1(C(=CC(=O)C=C1)CC2)C)[C@H](C3)O)CC[C@@]4(C(CN5CCN(C)CC5)=O)O)C,1
C1=CC=CC=C1C(NN)C,1
C(C(C(CC)C)(COC(N)=O)C)OC(N)=O,1
[C@H]2(N=C(C1=C(C=CC(=C1)[N+](=O)[O-])NC2=O)C3=CC=CC=C3Cl)C,1
CNC(NC(C(Cl)(Cl)Cl)O)=O,1
[C@@]23(Cl)C(C1C([C@](O)([C@@H](C1)C)C(=O)CO)(CC2Cl)C)CCC4=CC(=O)C=CC34C,1
[C@@H]23[C@H]([C@H]1[C@]([C@@H](C(C)=O)CC1)(C)C[C@@H]2O)C[C@H](C)C4=CC(=O)CC[C@]34C,1
[H+].C1=C(OCC(=O)NCCN(CC)CC)C=CC(=C1)OC.[Cl-],1
C1=CC=CC3=C1C(C2=C(C=CC=C2)C3(C)C)=CCCN(C)C,1
C1=CC(=CC=C1C(CCCN2CCC(C)CC2)=O)F,1
CC12CC3(CC(C1)(CC(C2)C3)N)C,1
C1=C(C(=CC=C1)OC)OCC2CNC(O2)=O,1
C1=C(OC)C=CC3=C1C(C2=C(C=CC=C2)S3)(CCCN(C)C)O,1
C1=CC=CC2=C1SC5=C(N2CC3C4CCN(C3)CC4)C=CC=C5,1
[C@@H]34C1=CC=CC2=C1C(=C[N]2C)C[C@H]3N(C[C@H](C4)N[S](N(C)C)(=O)=O)C,1
C1=C(C=CC=C1O)NC(C)=O,1
C1=C(C(C(C)(C)O)(C)O)C=CC=C1Cl,1
C2=C(N(CC1=CC=CS1)CCN(C)C)N=CC=C2,1
C(C1(C(NC(N(C1=O)C)=O)=O)CC)C,1
C(C1(C(NC(=S)NC1=O)=O)C(CCC)C)CSC,1
C5=C3C1=C(OC4C12C(C(N(CC2)C)C3)CC=C4C)C(=C5)O,1
[C@@H]25CC1=CC=C(C4=C1[C@@]3([C@H]2CC[C@@H]([C@@H]3O4)OC)CCN5C)O,1
[C@@]4([C@@]3([C@H]([C@H]2[C@@H]([C@@]1(C(=CC(=O)C=C1)[C@H](C2)C)C)[C@H](C3)O)CC4)C)(C(COC(C)=O)=O)OC(CC)=O,1
C1=C(C)C=CC3=C1C(=NC2=C(C=CC=C2)S3)N4CCN(C)CC4,1
C1=C(Cl)C=CC3=C1N(C2=C(C=CC=C2)S3)CCCN5CCN(CCOC(C4=CC(=C(OC)C(=C4)OC)OC)=O)CC5,1
C1=C([S](C)(=O)=O)C=CC3=C1N(C2=C(C=CC=C2)S3)CCCN4CCC(C(N)=O)CC4,1
[C@@]125C3=C4C[C@H]([C@@H]1CCC([C@@]2(OC3=C(C=C4)O)C)=O)N(C)CC5,1
C5=C4C3=C(C2N(CC1CC(OC)C(C(C1C2)C(OC)=O)OC)CC3)[NH]C4=CC(=C5)OC,1
C1=C(OC)C=CC3=C1C(=CC2=C(C=CC=C2)O3)N4CCN(C)CC4,1
C1=C(OC)C=CC2=C1C4=C3[N]2CCN(C3=NCC4)C,1
[C@@H]23[C@@H](CC[C@@H]1C[C@H](CC(O1)=O)O)[C@H](C=CC2=CCC[C@@H]3OC([C@H](CC)C)=O)C,1
C1=C(Cl)C=CC3=C1C2(N(C(C)CO2)CC(=O)N3)C4=CC=CC=C4Cl,1
CSC2=C(N1CCN(C)CC1)N=C(NC)N=C2Cl,1
C1=C(C=CC(=C1Cl)COC(C[N]2C=NC=C2)C3=C(C=C(C=C3)Cl)Cl)Cl,1
C1(=NC(NC1(C(F)(F)F)C(F)(F)F)(C(F)(F)F)C(F)(F)F)N,1
C(NCC(N)=O)CCCC,1
CN1CC(=CCC1)\C=N\OC,1
C1=C(C(=NN=C1C2=CC=CC=C2)NCCN3CCOCC3)C,1
[C@@H]23[C@H]([C@H]1[C@]([C@@H](C(C)=O)CC1)(C)C[C@H]2N(C)C)CC[C@@H]4[C@@]3(C[C@H](OCC)[C@H](C4)O)C,1
[C@@H]45N([C@@H](CC(NC(=O)C1=CN(C2=C(C1=O)C=CC=C2)C3CCCCC3)C4)CC5)C,1
C2=C(C(NCCN1CCOCC1)=O)C=CC(=C2)Cl,1
C2=C(C(C1=CC=CC=C1)[S](CC(N)=O)=O)C=CC=C2,1
[C@H]34[C@H]2[C@@](Cl)([C@@]1(C(=CC(=O)C=C1)CC2)C)[C@@H](O)C[C@@]3([C@](O)([C@@H](C4)C)C(=O)CCl)C,1
C1=CC=CC3=C1N(C2=C(C=CC=C2)C3(C)C)CCCNC,1
C3=C(C2(C(N(CN1CCOCC1)C(C2)=O)=O)C)C=CC=C3,1
C1=C(Cl)C=CC5=C1N(CCCN4CCC3(N2C(CCCC2)NC3=O)CC4)C6=C(CC5)C=CC=C6,1
C1=C([N+](=O)[O-])C=CC2=C1C(=NCC(N2COC)=O)C3=CC=CC=C3,1
[C@@H]13C=C[C@@H]([C@@]2([C@H]1[C@H](OC2=O)OC(NC)=O)C)C3,1
C(N1CCOCC1)CNC2=NNC(C=C2C)=C3C=CC(=O)C=C3,1
[C@@]126C3=C4C[C@H]([C@@H]1C=C[C@@H]([C@@H]2OC3=C(C=C4)OCC5=CC=CC=C5)OC(CCCCCCCCCCCCC)=O)N(CC6)C,1
C1=C(C(C(CCCCC)C)C)C=C(C2=C1OC(C3=C2CC(C)CC3)(C)C)OC(CCCN4CCCCCC4)=O,1
[C@H]23C1=C(C=C(C(CCCCCC)(C)C)C=C1O)OC([C@@H]2CCC(C3)=O)(C)C,1
C2=C(C(C[N]1C=CN=C1)=O)C=CC3=CC=CC=C23,1
[C@]14([C@H]([C@H]3[C@](F)([C@@H](O)C1)[C@@]2(C(=CC(=O)C=C2)CC3)C)C[C@@H]6[C@]4(CC5=CC=CC=C5C6)C(=O)CO)C.O,1
OC1CCC2(O)C3Cc5ccc(O)c6OC1C2(CCN3CC4CCC4)c56,1
[C@@]126C3=C4C[C@H]([C@@]1(CCC([C@@H]2OC3=C(C=C4)O)=C)O)N(CC5CC5)CC6,1
[C@@]125C3=C4C[C@H]([C@@]1(CCC([C@@H]2OC3=C(C=C4)O)=O)O)N(CC=C(C)C)CC5,1
C1=C(C=CC2=C1C=CC=C2)CC([NH2+]C)=NC.[Cl-],1
C1=C2C(=CC=C1)CCC(=C2)CC3=NCNC3,1
C2=C1C(=CC=CC1=CC=C2)OC(\C(=N\O)N)C,1
[H+].C4=C(N3CCN(CCCN1N=C(N(C1=O)CCOC2=CC=CC=C2)CC)CC3)C=CC=C4Cl.[Cl-],1
C1=CC=C(C(=C1C)NC(CN2C(CCC2)=O)=O)C,1
Fc5ccc4c(CCCN1CCC(CC1)n2c(=O)[nH]c3ccccc23)noc4c5,1
C1=CN=CC=C1C(NNCCC(NCC2=CC=CC=C2)=O)=O,1
C1=CC(=CC=C1N3CCN(CCC(NC(C2=CC=CN=C2)=O)C)CC3)F,1
[C@]125OC(O[C@@]([C@]1(C[C@H](O)[C@H]3[C@H]2CCC4=CC(=O)CC[C@]34C)C)(CC5)C(=O)COC(=O)C6=CC=NC=C6)\C=C/C,1
[C@@]127C3=C4C[C@H]([C@@H]1C=C[C@@H]([C@@H]2OC3=C(C=C4)OC(C5=CN=CC=C5)=O)OC(C6=CN=CC=C6)=O)N(C)CC7,1
C1=CC=NC=C1C(N2CCOCC2)=O,1
C(C1=CN=CC=C1)(=O)N,1
C1=CC=NC=C1C(N(CC)CC)=O,1
C1=C([N+]([O-])=O)C=CC2=C1C(=NCC(=O)N2C)C3=CC=CC=C3,1
C(C(COC(N)=O)(C(CC)C)C)OC(NC(C)C)=O,1
C1=CC=CC=C1C(OC2=CC=CC=C2OC)CCNC,1
NC(=N)c1ccc(o1)c2ccccc2N(=O)=O,1
[C@H]12C([C@@](O)(CC1)C#C)(CC[C@H]3C2CCC4=CC5=C(CC34C)C=N[N]5C6=CC=C(F)C=C6)C,1
C1=CC(=CC=C1\C(C2=CC=CN=C2)=C\CNC)Br,1
C1=CC=C(C3=C1C(C2=CC=CC=C2)CN(C)C3)N,1
C1=C[NH]C2=C1C(=NC=N2)NCCCCCCCCC,1
C(C(F)(F)F)F,1
C1=C(O)C=CC3=C1C24C(C(NCC2)C3)CCCC4,1
C1=CC(=C3C2=C1CC5C4C2(C(O3)C(O)C=C4)CCN5)O,1
C1=C(Cl)C=CC2=C1C(=NCC(=O)N2)C3=CCCCC3,1
[C@@H]3(C1=C(C=C2C(=C1OC)OCO2)CCN3C)[C@@H]5C4=C(C(=C(OC)C=C4)OC)C(O5)=O,1
C1=CC=CC2=C1C(C3=C(CC2)C=CC=C3)=NOCCN(C)C,1
C1=C(Cl)C=CC3=C1\C(C2=C(C=CC=C2)S3)=C\C4C5CCN(C4)CC5,1
C1=CC(=CC2=C1C(=NO2)C5CCN(CCC3=C(N=C4N(C3=O)C=CC=C4C)C)CC5)F,1
C1=N[N]3C(=C1C(C2=NC=CC=C2)=O)N=CC=C3C4=CC=NC=C4,1
C(C(NN)C)CCCCC,1
CNCCC=C3c1ccccc1C2CC2c4ccccc34,1
[C@H]2([C@H](CN(CC(C1=CC=C(F)C=C1)=O)CC2)COC4=CC3=C(OCO3)C=C4)C5=CC=C(F)C=C5,1
C2=C(C1CN(CCO1)C(C)C)C=CC(=C2)C(F)(F)F,1
C1=CC=CC3=C1N(C2=C(C=CC=C2)CC3=O)C(N)=O,1
C1=CC=CC=C1C[N+](C(CC2=CC=CC=C2)C)(C)[O-],1
C(N1CC(O)CC1=O)C(N)=O,1
[C@H]34C1[C@@H](C2(C(C(=O)CC1)C(=O)C=C2)C)C(O)CC3([C@](O)(CC4)C(OC)=O)C,1
C1=C(O)C=CC2=C1C(=C[NH]2)CC(C(O)=O)N,1
CN(C)C(=O)COC2c1ccccc1CCc3ccccc23,1
C4=C3C(N(C1=CC=C2C(=N1)N=C(Cl)C=C2)C(=O)C3=CC=C4)CC(CCC(C)C)=O,1
C1=NC(=C3[N]1C2=C(C=CC=C2)N(C3=O)C(C)C)C4=NOC(=N4)C5CC5,1
[C@H]5(CN3CCC(C2=CC1=C(OCO1)C=C2)(CC3)O)CN(C4=CC=C(OC)C=C4)C(O5)=O,1
C3=C(C(NC1C2CCN(C1)CC2)=O)C(=CC(=C3Cl)N)OCC4CC4,1
C1=C4C(=CC=C1CN3CCC(NC(NC(C2=CC=CC=C2)=O)=O)CC3)C=CC=C4,1
CC1OC(C)OC(O1)C,1
[C@]34([C@H]([C@H]2[C@@H]([C@@]1(C(=CC(=O)C=C1)[C@H](C2)F)C)[C@H](C3)O)C[C@H]([C@@]4(C(COC(C)=O)=O)O)C)C,1
C1=CC=CC=C1CN(CC#C)C,1
[C@@H]3([C@H](COC1=CC=C2C(=C1)OCO2)CNCC3)C4=CC=C(C=C4)F,1
C1=CC=CC2=C1C(N(C2=O)C3=NC4=C(C=C3)C=CC(=N4)Cl)CC(=O)N6CCC5(OCCO5)CC6,1
C4=C(C(CCCN1CCC(CC1)(C2=CC=C(C(=C2)C(F)(F)F)Cl)O)C3=CC=C(C=C3)F)C=CC(=C4)F,1
CC(C(C(OC(N)=O)C)C)OC(N)=O,1
[C@]135[C@@]4([C@@H](CC2=C1C(=C(C=C2)O)O[C@H]3C(=O)C=C4)N(C)CC5)NCCCCC,1
C(C1(COC(C(Cl)(Cl)Cl)OC1)CO)O,1
CN1CCN(CC1)C3=Nc2ccccc2Sc4nccn34,1
C2=C1C(=NC(=CC1=CC=C2)N3CCNCC3)C4=CC=CC=C4,1
[C@@H]45C(N(CCCCN3CCN(C1=NSC2=C1C=CC=C2)CC3)C([C@@H]4CCCC5)=O)=O,1
C1=C(Cl)C=CC3=C1N(C2=C(C=CC=C2)S3)CCCN4CCN(CCO)CC4,1
C(C(COC(C(Cl)(Cl)Cl)O)(COC(C(Cl)(Cl)Cl)O)COC(C(Cl)(Cl)Cl)O)OC(C(Cl)(Cl)Cl)O,1
C1=CC=CC=C1CC(NC(N)=O)=O,1
C1=C(C=CC2=C1C3(C)C(C)C(C2)N(CC3)CCC4=CC=CC=C4)O,1
C1=CC=CC=C1C(C(NC(N)=O)=O)CC,1
C2=C(C1C(C)NCCO1)C=CC=C2,1
C1=C(OCC(NN)C)C=CC=C1,1
C1=CC=CC=C1C2C(N(C)C(C2)=O)=O,1
C1(=CC=CC=C1)OC2=CC=CC=C2C(=O)[O-],1
C1=CC=CC=C1C3(C2=CC=CC=C2)NC(=O)NC3=O,1
C1=CC=CC=C1N2C(C(C(NC2=O)=O)(CC)CC)=O,1
C3=C(C(N2CCN(CC1=CC=CC=C1)CC2)=O)N=CC=C3,1
[C@]2(C1=CC(=CC=C1)O)([C@H](CN(C)CC2)C)CCC,1
[C@H]2(C(OC1=CC=C(NC(C)=O)C=C1)=O)NC(=O)CC2,1
C2=C(C1=CC=CC=C1)N=C4C(=C2CCC3CCNCC3)C=CC=C4,1
C1=C(C(C)=O)C=CC3=C1N(C2=C(C=CC=C2)S3)CCCN4CCC(CCO)CC4,1
C3=C(C(C1=CC=CC=C1)(C(OCCN2CCCCC2)=O)O)C=CC=C3,1
C2=C(N1CCN(C)CC1)N=NC3=C2N(C4=C(O3)C=CC=C4)C,1
C1=C([S](N(C)C)(=O)=O)C=CC3=C1N(C2=C(C=CC=C2)S3)CCCN4CCC(CCOC(CCCCCCCCCCCCCCC)=O)CC4,1
[C@H]12C(C3=C(C[C@@H]1CCN(C2)C)[NH]C(=C3CC)C)=O,1
C(N1C(CCC1)=O)C(N)=O,1
C1=CC=CC2=C1C3=C(C2)CCOC3(CCN(C)C)C,1
C1=CC=CC(=C1N2C(=NC3=C(C2=O)C=CC=C3)\C=C\C4=NC=CC=C4)C,1
C1=CC=CC=C1C(C2=CC=CC=C2)(CCN4CCC(N3CCCCC3)(C(N)=O)CC4)C#N,1
[N]14C3=C(C2=C1C=CC(=C2)C)CCCC3NCC4.[H+].[Cl-],1
C(NC(C(C)(C)C)=O)CCC(O)=O,1
C1=C(Cl)C=CC2=C1C(=NC(C(=O)N2)OC(C(C)(C)C)=O)C3=CC=CC=C3,1
C(N1C(CCC1)=O)C(NCCN(C(C)C)C(C)C)=O,1
C1=CC=CC=C1C3(CC2CCCCN2)C(NC(=O)NC3=O)=O,1
[C@@]4([C@@]3([C@H]([C@H]2[C@@H]([C@@]1(C(=CC(=O)C=C1)CC2)C)[C@H](C3)O)CC4)C)(C(COC(CC)=O)=O)OC(OCC)=O,1
C(C(C4(C3(C(C2C(C1(C(=CC(=O)C=C1)CC2)C)C(C3)O)CC4)C)O)=O)OC(CN(CC)CC)=O,1
[C@H]34[C@H]2[C@@H]([C@@]1(C(=CC(=O)C=C1)CC2)C)[C@@H](O)C[C@@]3([C@](C(COC(COC(CCCCCCCCCCCCCCCCC)=O)=O)=O)(O)CC4)C,1
[C@]34([C@H]([C@H]2[C@@H]([C@@]1(C(=CC(=O)C=C1)CC2)C)[C@H](C3)O)CC[C@@]4(C(COC(CC(C)(C)C)=O)=O)O)C,1
C(C(C3(C(CC4C2CCC1=CC(C=CC1(C)C2C(CC34C)O)=O)=C)O)=O)O,1
[C@@H](CC(=O)O)(CC(C)C)CN,1
C(C(OC4CC3=CCC2C1C(C(CC1)C(C)=O)(CCC2C3(CC4)C)C)=O)CC(O)=O,1
[H+].C3=C(C(=C1CCN(C1)CC)C2=CC=CC=C2)C=CC=C3.[Cl-],1
C1=CC(=CC=C1C(NC(C)C)=O)CNNC,1
C(C(C1CCCCC1)OC(N)=O)C,1
C1=C(Cl)C=CC2=C1C(=NCC(N2CC(CO)O)=O)C3=CC=CC=C3F,1
C2=C(\C(NCCCC(=O)N)=C/1C=C(F)C=CC1=O)C=CC(=C2)Cl,1
C1=CC=CC=C1CC(N2CCCC2)CCC,1
C(C1OC(C(C)C)(C(C)C)OC1)O,1
C1=CC(=CC=C1OC(CN(CC)CC)=O)NC(C)=O,1
[CH2-][CH-]C,1
C1=CC=CC2=C1N(C(C3=C(N2)N=CC=C3)=O)CC(N(C)C)C,1
C1=CC=C(C(=C1C(C)C)O)C(C)C,1
C1=CC(=CC=C1C(CCCN3CCC(N2CCCCC2)(CC3)C(CC)=O)=O)F,1
C1=CC=CC3=C1C(C2=C(C=CC=C2)S3)=CCCN(C)C,1
C(C1(C(NC(=O)NC1=O)=O)CC=C)C(C)O,1
Oc5ccc4CC2C1CCOCC1(CCN2CC3CC3)c4c5,1
C1=NC2=C([N]1CC(C)O)C(N(C)C(N2C)=O)=O,1
C1=CC=C(C2=C1[NH]C=C2CCN(C)C)O[P](O)(O)=O,1
C2=C(C1=CC=NC=C1)OC3=C2C=CC=C3,1
C1=C(C(=C(C(=N1)C)O)CO)CSSCC2=CN=C(C(=C2CO)O)C,1
C1=CC=CC3=C1C(=NC2=CC=CC=C2S3)N4CCN(CCOCCO)CC4,1
[C@@]45(C1=C(C=CC(=C1)OC(N3CC2=CC=CC=C2CC3)=O)N([C@H]4N(C)CC5)C)C,1
C1=CC=C(C2=C1CC3C(C2)CC(N[S](N(CC)CC)(=O)=O)CN3CCC)O,1
C1=CC=CC=C1CC2(C3(C(C)(C)C(C2)CC3)C)OCCN(C)C,1
[C@@H]1(C2=C(CC1)C=CC=C2)NCC#C,1
C1=CC(=CC3=C1N(C2=NC(=O)CO2)CCN=C3C4=CC=CC=C4Cl)Cl,1
C1=CC=CC=C1C(CC2=CC=CC=C2)(NC(CN)=O)C,1
C1=CC=CC=C1N(C2(CCN(CCC(OC)=O)CC2)C(OC)=O)C(CC)=O,1
CCC(=O)C1(O)CCC2C3CCC4=CC(=O)CCC4(C)C3C(O)CC21C,1
C1=CC(=CC(=C1NC(OCC)=O)N)NCC2=CC=C(C=C2)F,1
C3(NC(N1C2=C(C(C)(C)C1)C=CC=C2)=O)C[C@@H]4N(C)[C@H](C3)CC4,1
C2=C([N]1C(=NC(=N1)C(N(C)C)=O)CNC(CN)=O)C(=CC(=C2)Cl)C(C3=C(C=CC=C3)Cl)=O,1
CC4CN(CCCn2c1ccccc1c3ccccc23)CC(C)N4,1
[C@H]12[C@@]([C@](C(CC)=O)(C)[C@@H](C1)C)(C[C@H](O)[C@H]3[C@H]2CCC4=CC(=O)C=C[C@]34C)C,1
C1=CC=CC=C1C2=NCC(NC3=C2[N](N=C3C)CC)=O,1
[C@H](C1=CC(=CC=C1)OC(N(CC)C)=O)(N(C)C)C,1
[C@@H]3(N(C1CCC1)C2CCC2)CC4=C(OC3)C(=CC=C4C(=O)N)F,1
C1=NC2=C([N]1COC(COC(C)C)COC(C)C)N=C(N)N=C2,1
C3=C(C2CN1C(CCN=C1C2)=O)C=CC=C3,1
[C@H]23[C@@]([C@@]1(O[C@@H](O[C@@H]1C2)CCC)C(=O)CO)(C[C@H](O)[C@@]4(F)[C@H]3C[C@H](F)C5=CC(=O)CC[C@]45C)C,1
C3=C(C2C(NC(=O)C1NC(CC1)=O)C2)C=CC=C3,1
C1=C(C(=CC=C1C2CNC(C2)=O)OC)OC3CCCC3,1
[C@@H]25C(=C[C@@H](CN1CC(NC(C1)=O)=O)CN2C)C3=CC=CC4=C3C(=C[NH]4)C5,1
C1=C(C(=C(C=C1)Br)NC2=NCCN2)F,1
C2=C(C1=C(NC(C1)=O)C=C2)CCN(CCC)CCC,1
C1=CC(=CC=C1C(CCCN3CCC2(C(N(C)C(C2)=O)=O)CC3)=O)F,1
CON=C(C#N)C1CN2CCC1CC2,1
[C@@H]2(OC1=C(C=CC=C1)CO)O[C@@H]([C@@H](O)[C@@H]([C@H]2O)O)CO,1
C(C1=CC=CC=C1O)(=O)N,1
C1=CC=CC(=C1OC(C2=C(C=CC=C2)O)=O)C(O)=O,1
C1=CC=CC=C1C2(C(N(CC)C)=O)CCN(CCCCCC)CC2,1
C3=C(C1=C([N]2C(=N1)C=CC=C2)CN(C(CCC)=O)C)C=CC(=C3)Cl,1
N#Cc5ccc4Oc1ccccc1C2=C(CCN(CC2)CC3CCCC3)c4c5,1
[C@@H](CC1=CC=CC=C1)(N(CC#C)C)C,1
[C@@]125C3=C4C[C@H]([C@@]1(CCC([C@@H]2OC3=C(C=C4)O)=O)O)N(CCOC)CC5,1
C2=C(C1=C(C=CC(=C1)Cl)[N]2C3=CC=C(C=C3)F)C5CCN(CCN4C(NCC4)=O)CC5,1
C1=CC=CC3=C1C4=C(C2=C(C=CC=C2)C3)CN(C)CC4,1
C1=CC=NC2=C1C(C3=C2N=CC=C3)(CC4=CC=NC=C4)CC5=CN=CC=C5.O,1
C1=CC(=CC=C1C2(C(CC(C)C)N(C)C)CCC2)Cl,1
C1=CC=CC(=C1N2CCN(C)CC2)CC3=CC=CC=C3,1
[C@H]12[C@@H](OC(C(CC)(C)C)=O)C[C@@H](C)C=C1C=C[C@@H]([C@@H]2CC[C@@H]3C[C@H](CC(O3)=O)O)C,1
C1=CC=C(C(=C1C)C(NC2=NOC(=C2)C)=O)C,1
C1=CC=CC=C1N2C4(C(NC2)=O)CCN(CCCC(C3=CC=C(F)C=C3)=O)CC4,1
[C@]24(C[C@@H]([C@@H](N(C(CC1=CC(=C(Cl)C=C1)Cl)=O)C)CC2)N3CCCC3)CCCO4,1
C4=C(N1C3(C(NC1)=O)CCN(CCCOC2=CC=C(C=C2)F)CC3)C=CC=C4,1
C1=CC=CC=C1N2C4(C(NC2)=O)CCN(CC\C=C(C3=CC=C(F)C=C3)\C)CC4,1
C1=CC=CC2=C1C4(C3=C(OC2)C=CC=C3)OC(CN(C)C)CO4,1
C(C1=NC2=C([N]1C)C(N(C)C(N2C)=O)=O)CCN3CCN(C(N(CC)CC)=O)CC3,1
C1=C2C(=CC=C1\C=C\C(C(C)(C)C)O)OCO2,1
C3=C(N2C(C(C1=CC=CC=C1)CC2=O)=O)C(=CC(=C3)[S](N)(=O)=O)Cl,1
C1=CC(=CC=C1[S](NC2=NOC(=C2)C)(=O)=O)N,1
C([S](C(C)(C)[S](=O)(=O)CC)(=O)=O)C,1
C1=C(C(=CC=C1[S](N)(=O)=O)OC)C(NCC2N(CCC2)C)=O,1
C1=CC(=CC=C1N2[S](CCCC2)(=O)=O)[S](N)(=O)=O,1
C1=C([S](CC)(=O)=O)C=CC(=C1C(NCC2N(CCC2)CC)=O)OC,1
[C@H](C(=O)OC1=CC=C(C=C1)NC(=O)C)(NC(=O)C)CCSC,1
O=C1CCC(=O)N1CC1CCC2CN(CCN2C1)c1ncccn1,1
C4=C(N2C(C1=C(SCCS1)C2=O)OC(N3CCN(C(CC)=O)CC3)=O)N=C5C(=C4)C=CC(=N5)Cl,1
C4=C(N2C(C1=C(SCCS1)C2=O)OC(N3CCN(C)CC3)=O)N=C5C(=C4)C=CC(=N5)Cl,1
C1=C(C=CC=C1C2=NN(C)C(N2C)=S)F,1
O=C3C1C(C2CCC1C2)C(=O)N3C4C(NC(=O)CC4)=O,1
C1=CC=CC3=C1C(C2=CC=CC=C2)(OC3(C)C)CCCNC,1
C1=CC=CC3=C1C(C2=CC=CC=C2)(SC3(C)C)CCCNC,1
C1=CC=CC2=C1C(N(CC[S](NC(C)C)(=O)=O)C2=O)=O,1
C1=NC5=C([N]1CCN4CCC(C2=C[NH]C3=C2C=CC=C3)CC4)C(N(C)C(N5C)=O)=O,1
CNC2CCC(c1ccccc1)c3ccccc23,1
C1=C(C(=C(O)C(=N1)C)CNCC)CSC,1
C4=C(C(N2CCN(CC(C1=CC=C(C(=C1)OC)OC)O)CC2)C3=CC=CC=C3)C=CC=C4,1
CN(C)CCCN2c1ccccc1C(=Nc3cccnc23)c4ccccc4,1
C1=CC=CC2=C1C3=C([N]2CC)C(SCC3)(CCN(C)C)C,1
[C@H]13[C@H]([C@H]2C[C@@H]1CC2)C(=O)N(C3=O)CCCCN4CCN(CC4)C5=NC=CC=N5.C(C(O)(C(=O)O)CC(=O)O)C(=O)O,1
C2=C(C1=NOC(=N1)C)N=C3[N]2C4=C(C(=N3)OC)CCCC4,1
C3=C(CN2C1=NC(=NC(=C1CCC2=O)C)C)C=CC(=C3)C4=CC=CC=C4C5=N[NH]N=N5,1
C(SC1=NSN=C1C2=CCCN(C2)C)CCCCC,1
[C@@H]2(C3=C([C@H](C1=CC=C(C=C1)F)C2)C=CC(=C3)C(F)(F)F)N4CCN(CCO)CC4,1
C1=C(C(F)(F)F)C=CC3=C1C(C2=C(C=C(F)C=C2)S3)CCCN4CCN(CCO)CC4,1
C2=C(C1C(NCCN1)=O)SC=C2,1
C3=C(C1=CCN(CCC)CC1)C2=CC(=CC=C2[NH]3)Cl,1
[C@@H]34C1=CC=CC2=C1C(=C[NH]2)C[C@H]3N(C[C@H](C4)NC(N(CC)CC)=O)C,1
C(C1(C(CCC)CC)C(NC(=O)NC1=O)=O)C,1
C1=C(OC)C(=CC3=C1C2N(CC(CC(C)C)C(C2)=O)CC3)OC,1
C1=CC=CC2=C1CC3(CC2)NC(=O)NC3=O,1
C1=CC=CC3=C1C(N(C2C(NC(=O)CC2)=O)C3=O)=O,1
C1=CC(=C4C2=C1CC5C3C2(C(C(=CC3)OC(C)=O)O4)CCN5C)OC,1
C(C2(C1CCCC=C1)C(NC(=S)NC2=O)=O)C=C,1
C(C1(C(NC(=S)NC1=O)=O)C(CCC)C)C=C,1
C1=CC=CC2=C1N(C(CC(S2)C3=CC=CC=C3)=O)CCN(C)C,1
C1=C(Cl)C=CC3=C1N(C2=C(C=CC=C2)S3)CCCN4CCN(CCOC(C)=O)CC4,1
C1=CC=CC2=C1N(C3=C(S2)C=CC(=C3)[S](N(C)C)(=O)=O)CCCN4CCN(CC4)C,1
C1=CC=CC=C1C2OC(=NC2=O)N(C)C,1
[C@@H]3(CN(CCC=C(C1=C(C=CS1)C)C2=C(C=CS2)C)CCC3)C(O)=O,1
C1=CC(=CC2=C1C(C3=C(N(C)[S]2(=O)=O)C=CC=C3)NCCCCCCC(O)=O)Cl,1
C1=C4C(=C2C(=C1)SC=C2C)C3=C(CCN(C3)C)[NH]4,1
C2=C(OCC1OC(NCC1)=S)C=CC=C2,1
[H+].C2=C(C1(C(N(C)C)C=CCC1)C(OCC)=O)C=CC=C2.[Cl-],1
C1=C(F)C=CC2=C1N4C(CN=C2C3=CC=CS3)CN(C)CC4,1
C1=CC=CC4=C1N(C3CCN(CCCC(C2=CC=C(F)C=C2)=O)CC3)C(N4)=S,1
C2=C(N1C(SCC1)=N)C(=CC(=C2)Cl)N,1
[C@H]12[C@@](C(OC(=O)C)([C@H](C1)C)C(SC)=O)(C[C@H](O)C3(F)[C@H]2CCC4=CC(=O)C=C[C@]34C)C,1
C1=C([N](CC[S](CC)(=O)=O)C(=N1)C)[N+](=O)[O-],1
C5=C2C1=C([NH]C=C1CC4C2=CC(CSC3=NC=CC=C3)CN4C)C=C5,1
C4=C(N3CCN(CCCCN2C(C1=C(C=CC=C1)NC2=O)=O)CC3)C(=CC=C4)SCCC,1
C2=C1C(=NSC1=CC=C2)N5CCN(CCCCN3C(CC4(CC3=O)CCCC4)=O)CC5,1
[C@]23([C@H]([C@H]1[C@]([C@@](SCC)(SC)CC1)(C)C[C@@H]2O)CCC4=CC(=O)C=C[C@]34C)F,1
C1=C(OC)C(=CC2=C1[S](OC(C2)C(NC(CC(N(C)C)(C)C)C)=O)(=O)=O)OC,1
C1=CC=CC=C1CC(C)NCCC3C2=C(C=CC=C2)SC4=C3C=CC=C4,1
[C@H]34[C@H]2[C@@H]([C@@]1(C(=CC(=O)CC1)CC2)C)[C@@H](O)C[C@@]3([C@](C(CS)=O)(O)CC4)C,1
[C@@H]23[C@H]([C@H]1[C@]([C@](C(CSC(C(C)(C)C)=O)=O)(O)CC1)(C)C[C@@H]2O)CCC4=CC(=O)CC[C@]34C,1
C2=C(C(C1=CC=CC=C1)OCCNC)C(=CC=C2)C,1
C1=C(OC)C(=CC2=C1C(=NN=C(C2CC)C)C3=CC=C(C(=C3)OC)OC)OC,1
C1=CC=CC(=C1OCC(COC(C(Cl)(Cl)Cl)O)OC(C(Cl)(Cl)Cl)O)C,1
C1=C(C=CC=C1N3CCN(CCC2=N[NH]C(=C2)C)CC3)C,1
C1=C(C)C=CC2=C1C3N(CC2)CCC(C3)(CC)O,1
C1=C(Cl)C=CC2=C1C(=NCC(N2CC[S](C3=CC=C(C)C=C3)(=O)=O)=O)C4=CC=CC=C4Cl,1
[C@]1([C@]2(C3=C(C[C@@H]1N(CC2)C)C=CC(=C3)O)C)(CCC(=O)CCCCC)C,1
[C@@]23([C@H]([C@H]1[C@H](OC(O1)(C)C)CO2)OC(O3)(C)C)CO[S](N)(=O)=O,1
C1=N[N](C2=C1C(=C(C(=N2)C)C(OCC)=O)NCCCC)CC,1
[C@]12(OC(O[C@@H]1CC3C2(C[C@H](Cl)[C@@]4(Cl)C3C[C@H](F)C5=CC(=O)C=CC45C)C)(C)C)C(=O)CF,1
[C@H]1([C@](O)(CCCC1)C2=CC(=CC=C2)OC)CN(C)C.[H+].[Cl-],1
C1=CC=CC2=C1CC(N(C)C)C(O2)C,1
[H+].C4=C(C2(N(C1=C(F)C=CC=C1)C(=O)CC)CCN(CC2)CCN3N=NN(C3=O)CC)C=CC=C4.[Cl-],1
[C@@]45([C@@]3([C@H]([C@H]2[C@]([C@@]1(C(=CC(=O)C=C1)CC2)C)(F)[C@H](C3)O)C[C@H]4OC(O5)(C)C)C)C(COC(C(CNC(C6=CC=CC=C6)=O)C)=O)=O,1
[C@@]45([C@@]3([C@H]([C@H]2[C@]([C@@]1(C(=CC(=O)C=C1)CC2)C)(F)[C@H](C3)O)C[C@H]4OC(O5)(C)C)C)C(COC(C6=CC7=C(O6)C=CC=C7)=O)=O,1
BrCC(O)(Br)Br,1
C1=C(C(=C(C=C1C(NCC(N(CC)CC)=O)=O)OC)OC)OC,1
C3=C(C2(C1=CC=CC=C1)C(N(C(C(Cl)(Cl)Cl)O)CN2)=O)C=CC=C3,1
O=[P](O)(OCC(Cl)(Cl)Cl)O,1
[C@H]23C([C@@]1(OC(O[C@@H]1C2)(C)C)C(=O)CCl)(C[C@H](Cl)[C@@]4(Cl)C3C[C@H](F)C5=CC(=O)C=CC45C)C,1
C1=C3C(=C(C(=C1)CNC2=CC(=C(C(=C2)OC)OC)OC)C)C(=NC(=N3)N)N,1
C3=C2N(CC1=CC=CC=C1)C(=O)\C(NNC2=CC=C3)=C(\N)N=O,1
C2=C(C(N1CCCCCCC1)=O)C=C(OC)C(=C2OC)OC,1
N[C@@H](CC1=C[NH]C2=CC=CC=C12)C(=O)O,1
C1=C(Cl)C=CC2=C1C(=NCC(=N2)NOCC=C)C3=CC=CC=C3Cl,1
C4=C(N3CCN(CCCCN1C(C2C(C(C1=O)C(=O)N(C2=O)CCCC)(C)C)=O)CC3)C(=CC=C4)OC,1
NC(=O)OCC,1
[C@@H](N)(C(OCCOC[N]1C2=C(N=C1)C(=O)N=C(N2)N)=O)C(C)C,1
C(C(C(N)=O)(CCC)CCC)CC,1
[C@@H](N)(C(OCC(OC[N]1C2=C(N=C1)C(=O)N=C(N2)N)CO)=O)C(C)C,1
C(C(C(OCOC(C(C)(C)C)=O)=O)CCC)CC,1
[C@@]13([C@@H]2C(=C[C@@H]1OC(CC(C)C)=O)C(=CO[C@H]2OC(CC(C)C)=O)COC(C)=O)CO3,1
C1=CC=CC2=C1C(=C3C(=N2)CCCC3O)N,1
C1=CC(=CC=C1C(C2(CCCCC2)O)CN(C)C)OC,1
C1=C([S](N)(=O)=O)C=C(C(=C1C(NCC2N(CCC2)CC=C)=O)OC)OC,1
C(C(C=C)N)CC(O)=O,1
C1=CC=CC(=C1OCC2CNCCO2)OCC,1
C(=C)OC=C,1
[C@]2(OC1=C(C(=C(C(=C1CC2)C)O)C)C)(CCC[C@@H](CCC[C@@H](CCCC(C)C)C)C)C,1
C1=C(C(F)(F)F)C=CC=C1C2=CCN(CC2)CCC4=CC3=CC=CC=C3C=C4,1
OCCCN4CCN(CCCC2c1ccccc1Sc3ccc(Cl)cc23)CC4,1
[C@]135[C@H]([C@H](N(CC1)CC2CCC2)CC4=C3C=C(O)C=C4)[C@H](CC(C5)=C)C,1
C1=C(C(=C(C=C1)C)NC2=NCCCS2)C,1
C1=CC(=CC=C1CNC(C(C)C)CCCCCC(O)=O)F,1
[C@H]14[C@H]([C@@H]2[C@@H]3[C@H]([C@H]1C=C2)C=C3)C(=O)N(C4=O)CCCCN6CCN(C5=NC=CC=N5)CC6,1
C1=C(C=CC=C1N3C(N(CCN2CC(C)(C)C2)CC3)=O)Cl,1
C1=CC=CC2=C1C(=NS2)N5CCN(CCC4=CC3=C(NC(C3)=O)C=C4Cl)CC5,1
C1=CC=CC(=C1C2=NCC(N(C3=C2C(=N[N]3C)C)C)=O)F,1
C4=C(C3=C(CCN2CCN(C1=C(C=CC=C1)OC)CC2)OC(N3)=O)C=CC(=C4)F,1
C1=C(Cl)C=CC2=C1C(=NO2)C([N]3C=CN=C3)C,1
C1=CC(=CN=C1N2C(C3=C(C2=O)N=CC=N3)OC(N4CCN(C)CC4)=O)Cl,1
C1=C(Cl)C=CC2=C1C(=CC3=C(S2)C=CC=C3)OCCN(C)C,1
[C@@H]1(CCCO1)[C@@H](CC2=CC=CC=C2)NCC,1
C1=CC2=C(C=C1)SC3=C(N2CC(C)N(C)C)C=C(C=C3)C(=O)C,1
C1=CC(=CC3=C1[N]2C(=NN=C2CN(C)C)CN=C3C4=CC=CC=C4)Cl,1
C(N1C(C(CC(C)C)NC1=S)=O)C=C,1
[C@H]24[C@H]1[C@@]([C@](O)([C@@H](C1)C)C(=O)CO)(C[C@H](O)[C@@H]2[C@@]3(C(=CC(=O)C=C3)C[C@H]4Cl)C)C,1
C1=C(CC(CC=C)N)C=CC=C1,1
[C@H]34[C@H]2[C@@H]([C@@]1(C(=CC(=O)CC1)CC2)C)CC[C@@]3([C@](O)([C@H](O)C4)C(=O)C)C,1
C1=CC=CC3=C1N(C2=C(C=CC=C2)S3)CC(CN(C)C)C,1
C1=C(OC)C(=CC2=C1C(=C(C(OCC)=O)[NH]2)CCN4CCN(C3=CC=CC=C3)CC4)OC,1
C2=C(C1(C(CN(C)CC1)C)OC(CC)=O)C=CC=C2,1
C3=C(C1=C([N]2C(=N1)C=CC(=C2)Cl)CC(N(CCC)CCC)=O)C=CC(=C3)Cl,1
[C@@]4([C@@]3([C@H]([C@H]2[C@@H]([C@@]1(C(=CC(=O)CC1)[C@H](C2)C)C)[C@H](C3)O)CC4)C)(C(COC(C)=O)=O)OC(CCC)=O,1
CNCCCC2(C)C(=O)N(c1ccccc1)c3ccccc23,1
C1=CC(=NC2=C1C(C(=CN2CC)C(O)=O)=O)CC3=CC=CC=C3,1
[C@@H](O)([C@@H](O)C(=O)O)C(=O)O.[C@@H](N)(CC1=CC=C(N(C)C)C=C1C)C,1
C1=CC(=CC=C1C2(C(NC(=O)CC2)=O)CC)N,1
C1=CC=CC3=C1N(C2=C(C=CC=C2)S3)CC(CN(C)C)N(C)C,1
C1=CC(=CC=C1C3(CCN(CCCC(C2=CC=C(F)C=C2)=O)CC3)C(N(C)C)=O)Cl,1
C1=C(Cl)C=CC2=C1C(=NC3=C(O2)C=CC=C3)N4CCNCC4,1
C3=C(N2CCN(CCCC(C1=CC=C(F)C=C1)O)CC2)C(=CC=C3)OC,1
[N]12C(=CC=C1)C4N(C3=C(C2)C=CC=C3)CCN(C4)C.O=C(O)\C=C/C(=O)O,1
C1=C(Cl)C=CC3=C1N(C2=CC=CC=C2)C(CCN3C(OCC)=O)=O,1
[C@H](N(C(C(C1=CC=CC=C1)C2=CC=CC=C2)=O)C)(C3=CC=CC=C3)CN4CC[C@@H](C4)O,1
C2=C(OCC1=NN=C(S1)C(C)C)C=CC3=C2OC(=O)C(=C3C)C,1
C1=CC=CC=C1C(C(OC2CC3N(C)C(C2)CC3)=O)CO,1
C1=C(C(=NN=C1C2=CC=CC=C2)NCCN3CCOCC3)C#N,1
[C@@]4([C@@]3([C@H]([C@H]2[C@]([C@@]1(C(=CC(=O)C=C1)CC2)C)(Cl)[C@H](C3)O)C[C@@H]4C)C)(C(COC(CC)=O)=O)OC(CC)=O,1
C3=C(C(N2CCN(CC1=CC=CC=C1)CC2)=O)OC4=C3C=CC=C4,1
[C@@H]24[C@@](C1=CC=CC=C1OC3=C(C=CC=C23)C)(CCN(C4)C)O,1
C2=C(C(NNC(C1=CC=CC=C1)=O)C)C=CC=C2,1
C1=CC=CC=C1C3(C(N(C(C2=CC=CC=C2)=O)C(=O)NC3=O)=O)CC,1
C3=C(C(OC1C2CCN(C1)CC2)=O)C=CC=C3,1
C1=CC=C2C(=C1)C3C4=C(C2(CNC)CC3)C=CC=C4,1
C1=CC(=CC=C1)CC(N(C)CC2=CC=CC=C2)C,1
[H+].C1=CC3=C([N]1N(C2=CC=NC=C2)CCC)C=CC=C3.[Cl-],1
C2=C(C(CC(N(C)C)C)(C(CC)O)C1=CC=CC=C1)C=CC=C2,1
[C@@]4([C@@]3([C@H]([C@H]2[C@]([C@@]1(C(=CC(=O)C=C1)CC2)C)(F)[C@H](C3)O)C[C@@H]4C)C)(C(COC(C)=O)=O)OC(C(C)C)=O,1
[C@H]34[C@H]2[C@@]([C@@]1(C(=CC(=O)C=C1)CC2)C)([C@@H](O)C[C@@]3([C@](C(COC(C)=O)=O)(O)[C@H](C4)C)C)F,1
[C@@]4([C@@]3([C@H]([C@H]2[C@]([C@@]1(C(=CC(=O)C=C1)CC2)C)(F)[C@H](C3)O)C[C@@H]4C)C)(C(COC(CC)=O)=O)OC(CC)=O,1
[H+].C2=C(CC1=CC=CC=C1)C(=CC=C2)OCCCCNC.[Cl-],1
C2=C(C1=C(C=CC=C1)[N]2N(CCN(C)C)C)C3=CC=CC=C3,1
C(C1(C(NC(=O)NC1=O)=O)CC=C)C(=C)Br,1
[C@@H]3(N(C1=C(C=CC=C1)F)C(COC)=O)[C@@H](CN(CCN2C(N(CC)N=N2)=O)CC3)C,1
C2=C(C1CCNCC1)OC3=C2C=C(OC)C=C3Br,1
C1=CC(=CC=C1NCCC(N(C)C)=O)Br,1
C2=C(C(OCCN(C)C)C1=CC=CC=C1)C=CC(=C2)Br,1
C1=C(Br)C(=CC(=C1C(NCCN(CC)CC)=O)OC)N,1
C1=CC(=CC=C1C3(CCN(CCCC(C2=CC=C(C=C2)F)=O)CC3)OC(CCCCCCCCC)=O)Br,1
[C@@]45([C@@]3([C@H]([C@H]2[C@@H]([C@@]1(C(=CC(=O)C=C1)CC2)C)[C@H](C3)O)C[C@H]4OC(O5)CCC)C)C(CO)=O,1
C1=CC=CC=C1C3(C2=CC=CC=C2)CCN(C(C)(C)C)CC3,1
C2=C(C(C1=CC=CC=C1)OCCN(C)C)C(=CC=C2)C(C)(C)C,1
C1=NC(=NC=C1)N4CCN(CCCCN2C(CC3(CC2=O)CCCC3)=O)CC4,1
C(C1(C(NC(=O)NC1=O)=O)CC=C)C(C)C,1
C1=CC=CC2=C1OC(CNCCCC)CO2,1
C1=CC=CC3=C1C(C2=CC=CC=C2CC3)CC(CN(C)C)C,1
C1=CC=CC=C1C(NNC(OCC)=O)C,1
C(OC(NC(C(Cl)(Cl)Cl)O)=O)C,1
C(C(C(NC(N)=O)=O)(CC)Br)C,1
C1=CC=CC=C1N(C3(CCN(CCC2=CC=CC=C2)CC3)C(OC)=O)C(CC)=O,1
C1=CC=CC4=C1N(CCCN3CCC(N2CCCCC2)(CC3)C(N)=O)C5=C(CC4)C=CC=C5,1
C1=C(F)C=CC2=C1C3=C([NH]2)CCN(C3)CCC4=CC=NC=C4,1
[H+].C1=C(CC(N(C)C)(CO)C)C=CC(=C1Cl)Cl.[Cl-],1
C3=C(C(N1CCN(C)CC1)C2=CC=CC=C2)C=CC(=C3)Cl,1
ClC(CCC)O,1
[C@H]24[C@H]1[C@@]([C@](C(COC(C)=O)=O)(O)CC1)(CC([C@@H]2[C@@]3(C(=CC(=O)C=C3)[C@H](C4)Cl)C)=O)C,1
[C@@H]36C2=C(C1=CC(=CC=C1[NH]2)Cl)CCN3C[C@H]5C[C@@H](OC(C4=CC(=C(C(=C4)OC)OC)OC)=O)[C@@H]([C@H]([C@H]5C6)C(OC)=O)OC,1
C1=CC(=CC=C1OCC(COC(N)=O)O)Cl,1
C2=C(C(C1=CC=CC=C1)(OCCN(C)C)C)C=CC(=C2)Cl,1
C1=C2C(=CC=C1)OC(CCCl)NC2=O,1
C1=C(C#N)C=CC3=C1N(C2=C(C=CC=C2)CC3)CCCN(C)C,1
C1=CC=CC2=C1C(C3=NCCCN23)(C4=CC=CC(=C4)Cl)O,1
C4=C2C1=C(CCC3=C(N1CCC2NC)C=CC=C3)C=C4,1
CN(C)CCC=C2c1ccccc1COc3ccccc23,1
[C@@H](CN2CCN(C1=CC=CC=CC1=O)CC2)(C3=CC(=C(OC)C=C3)OC)O,1
C1=CC=CC=C1C(C2=CC=CC=C2)OCCN(C\C=C\C3=CC=CC=C3)C,1
C1=C(C(=CC(=C1[N+](=O)[O-])N)OCC)C(NC3CCN(CC2CCC=CC2)CC3)=O,1
C1=CC=CC=C1C4(C3CCN(C\C=C\C2=CC=CC=C2)CC3)C(NC(=O)CC4)=O,1
C1=C(C=CC=C1Br)\C=C\C(NCC)=O,1
C1=C(C(=C(C=C1\C=C\C(N)=O)OC)OC)OC,1
C3=C(N2CCN(CCCC(C1=CC=C(F)C=C1)=O)CC2)N=CC4=CC=CC=C34,1
C1=CC(=CC3=C1C(C2=CC=C(F)C=C2)(OC3)CCCN(C)C)C#N,1
C1=CC=CC3=C1C(C2=C(C=CC=C2)C=C3)C(N)=O,1
C1=C(Cl)C=CC4=C1C3C2=CC=CC=C2CCN3CC(=O)N4C,1
C1=CC=CC(=C1)C(C(CN(C)C)O)C2=CC=C(C=C2)Cl,1
C1=CC(=CC3=C1[N]2C(=CN=C2C)CN=C3C4=CC=CC=C4Cl)Cl,1
[C@@]23(F)C(C1C([C@](O)(C(C1)C)C(=O)CCl)(CC2O)C)CCC4=CC(=O)C=CC34C,1
[C@]4([C@@]3([C@H]([C@H]2[C@]([C@@]1(C(=CC(=O)C=C1)CC2)C)(F)[C@H](C3)O)C[C@@H]4C)C)(OC(CC)=O)C(CCl)=O,1
C1=CC(=CC=C1OCC(NCCN(CC)CC)=O)Cl,1
C1=C(Cl)C=CC3=C1C(C2=C(C=CC=C2)N3)CCCN(C)C,1
CN1CCC(CC1)=C3c2ccccc2Oc4ccc(Cl)cc34,1
C1=C(Cl)C=CC2=C1C(=NC3=C(S2)C=CC=C3)N4CCN(CC4)C,1
C1=C(C(=N/OCCN)/CCCCOC)C=CC(=C1)Cl,1
C1=C(Cl)C=CC3=C1C2(OCCN2CC(=O)N3)C4=C(Cl)C=CC=C4,1
C1=C(Cl)C=NC2=C1SC4=C(N2CCCN3CCN(CCO)CC3)C=CC=C4,1
CC4CC3C2CC(F)(F)C1=CC(=O)C=CC1(C)C2(F)C(O)CC3(C)C4(O)C(=O)COC(C)=O,1
C(C(N(C(\C=C\C)=O)CCC)C(N(C)C)=O)C,1
C1=C(C#N)C=CC3=C1N(C2=C(C=CC=C2)S3)CC(CN(C)C)C,1
C3=C(C1OC(=NC1=O)NC2CC2)C=CC=C3,1
C2=C(C1C(CCC1)N)C=CC=C2,1
C4=C(C2=C3C(=NC(=NCC1CC1)CN2O)C=CC(=C3)Cl)C=CC=C4,1
C1=CC=C3C(=C1OCC2CNCCO2)N(CCC3)C,1
C1=CC=CC3=C1N(C2=CC=CC=C2)CC3(CCCNC)C,1
C1=CC=CC3=C1SC2=C(C=CC=C2)C=C3CN(C)C,1
C1=CC=CC3=C1C(C2=C(C=CC=C2)C3O)=C4CCN(C)CC4,1
[C@H](CCOC1=CC=CC2=CC=CC=C12)(C3=CC=CC=C3)N(C)C,1
[C@](OC(=O)CC)([C@@H](CN(C)C)C)(CC1=CC=CC=C1)C2=CC=CC=C2.[H+].[Cl-],1
CN2C(Cc1ccccc1N=C2C)c3ccccc3,1
C1=CC=CC2=C1N(C(=O)N2)CCCN4CCC(C(C3=CC=C(F)C=C3)=O)CC4,1
[C@@]45([C@@]3([C@H]([C@H]2[C@@H]([C@@]1(C(=CC(=O)C=C1)CC2)C)[C@H](C3)O)C[C@H]4OC(=N5)C)C)C(COC(C)=O)=O,1
[C@@H]34CC1=C[NH]C2=CC=CC(=C12)C3C[C@@H](CN4C)CC#N,1
C1=C(Cl)C=CC2=C1C(=NCC(N2)=O)C3=CC=CC=C3Cl,1
C1=CC=CC2=C1C(C3=C(C=C2)C=CC=C3)=NOCCNC,1
C1=CC(=CC=C1C(C[N]2C=CN=C2)O)CCC3=CC=CC=C3,1
C1=CC=CC2=C1N(C3=C(C=C2)C=CC=C3)CCCN(C)C,1
O(C(C(F)(F)F)F)C(F)F,1
C1=CC(=C3C2=C1CC5C4C2(C(O3)CCC4)CCN5C)O,1
[C@H]15C3=C(CCC2=C1C=CC=C2)C=CC=C3[C@H]4C[C@](C(C)C)(O)CCN4C5,1
C4=C(C(C(=O)N1CCCC1)(C2=CC=CC=C2)C(CN3CCOCC3)C)C=CC=C4,1
[C@]134[C@@H]([C@H](CC2=C1C=C(O)C=C2)N(C)CC3)CCCC4,1
C1=C(C=CC=C1OC2CN(C(N)=O)C2)C(F)(F)F,1
CC13CCCCCC(Cc2ccc(O)cc12)C3N,1
C1=CC(=C3C2=C1CC5C4C2(C(O3)C(C=C4)OC(C)=O)CCN5CC=C)OC(C)=O,1
C1=CC=CC2=C1N(C(C3=C(N2C)C=CC=C3)=O)CCN(C)C,1
C1=C(C)C=CC3=C1C2C(CCN(C2)C)N3,1
C2=C(C1[S](CCC(N1C)=O)(=O)=O)C=CC(=C2Cl)Cl,1
C1=CC(=CC3=C1C(C2=CC(=C(Cl)C=C2)Cl)CN(C)C3)OC,1
C1=CC=CC3=C1N(C2=C(C=CC=C2)S3)CCN(CC)CC,1
Clc1ccc(cc1)C(OCCN2CCOCC2)c3ccccc3,1
[C@@]4([C@@]3([C@H]([C@H]2[C@]([C@@]1(C(=CC(=O)C=C1)[C@H](C2)F)C)(F)[C@H](C3)O)C[C@@H]4C)C)(C(COC(C)=O)=O)OC(C)=O,1
[C@@]4([C@@]3([C@H]([C@H]2[C@]([C@@]1(C(=CC(=O)C=C1)[C@H](C2)F)C)(F)[C@H](C3)O)CC4)C)(C(COC(C)=O)=O)OC(CCC)=O,1
[C@]134[C@@H]([C@H](CC2=C1C=C(C)C=C2)N(C)CC3)CCCC4,1
C3=CC1=C(C(/C2=C(O1)C=CC=C2)=C/CCN(C)C)C=C3OC,1
[C@]23([C@H]([C@H]1[C@]([C@](C(CO)=O)(C)[C@@H](C1)C)(C)C[C@@H]2O)CCC4=CC(=O)C=C[C@]34C)F,1
C1=CC=CC3=C1N(C2=C(C=CC=C2)C3(C)C)CCCN(C)C,1
C1=C(C(=CC=C1Cl)N(C(CNCC(C)=C)=O)C)C(C2=CC=CC=C2)=O,1
C1=CC=CC2=C1C(C(N2CC(N)=O)=O)C3=CC=CC=C3,1
[H+].C3=C2\C(C1=CC=CC=C1SCC2=CC=C3)=C\CCN(C)C.[Cl-],1
C1=C(Cl)C=CC2=C1C(=NC(O)C(N2CCO)=O)C3=CC=CC=C3F,1
C3=C(C2(C1=CC=CC=C1)C(NCN2)=O)C=CC=C3,1
[C@H]34[C@H]2[C@@](F)([C@@]1(C(=CC(=O)C=C1)CC2)C)[C@@H](O)C[C@@]3([C@](O)([C@H](C4)C)C(=O)C)C,1
[C@H]23C([C@@]1(OC(O[C@@H]1C2)(C)C)C(=O)CO)(C[C@H](O)[C@@]4(F)C3CCC5C4(CCC(=O)C5)C)C,1
C1=C(C(=CC=C1Cl)N(C(CN(CCO)CCO)=O)C)C(C2=C(C=CC=C2)Cl)=O,1
C1=CC=CC(=C1N3CCN(CCC2=C[N](C)N=C2)CC3)Cl,1
C1=CC=CC2=C1N(CC3=C(C2=C)C=CC=C3)CCCN(C)C,1
C1=CC(=CC=C1C(NCCCN2CCOCC2)=O)Cl,1
C1=C(O)C=CC3=C1C2(CC(CN(CC2)C)C3)C,1
C2=C(C1(C(N(C(=O)N(C1=O)COC)COC)=O)CC)C=CC=C2,1
C1=CC=CC=C1C2C(N(CC)C(N2)=O)=O,1
C1=C(Cl)C=CC2=C1C(=NC(C(=O)N2)C(OCC)=O)C3=CC=CC=C3F,1
C1=C(SC2=C1C(=NCC3=NN=C([N]23)C)C4=CC=CC=C4Cl)CC,1
C2=NC1=C(CC(NC)CC1)S2,1
C1=CC=CC2=C1C(=C[NH]2)CC(CC)N,1
C1=CC=CC=C1CCNC(CCCl)=O,1
O=C2\C(=C1\OC=NN1)C=CC=C2,1
C1=C(C(=N[N]1CCCN(C)C)C2=CC=CC=C2)C3=CC=CC=C3,1
C1=C(Cl)C=CC2=C1C(=NCCN2CC(F)(F)F)C3=CC=CC=C3F,1
C1=CC=CC(=C1N3CCN(CCCC(C2=CC=C(F)C=C2)=O)CC3)OC,1
CN(C)C3CCc2[nH]c1c(F)cc(F)cc1c2C3,1
C1=CC(=CC=C1N3CCN(CC(O)COC2(CCCCC2)C#C)CC3)F,1
C1=C(Cl)C=CC2=C1C(=NCC(=O)N2C)C3=CC=CC=C3F,1
[C@H]23[C@@]([C@@]1(C(=CC(=O)C=C1)[C@H](C2)F)C)([C@H](C[C@]4([C@H]3C[C@@H](C)[C@@]4(C(CO)=O)O)C)O)F,1
[C@]12(F)[C@H](CC4([C@H](C1C[C@@H](C3=CC(=O)C=CC23C)F)C[C@H]([C@]4(O)C(=O)COC(=O)C(C)(C)C)C)C)O,1
[C@]14(C([C@H]3[C@H]([C@@H](O)C1)C2(C(=CC(=O)C=C2)[C@@H](F)C3)C)C[C@H]5OC(O[C@@]45C(=O)CO)(C)C)C.[C@]69(C([C@H]8[C@H]([C@@H](O)C6)C7(C(=CC(=O)C=C7)[C@@H](F)C8)C)C[C@H]%10OC(O[C@@]9%10C(=O)CO)(C)C)C.O,1
[C@]12(OC(O[C@@H]1CC3C2(CC(O)[C@H]4C3C[C@H](F)C5=CC(=O)C=CC45C)C)(C)C)C(=O)COC(=O)C,1
[C@H]2(C1=CC(=O)C=C[C@@]1([C@@]4([C@@H](C2)[C@@H]3C[C@@H](O)[C@]([C@@]3(C)C[C@@H]4O)(O)C(=O)CO)F)C)F,1
[C@@]45([C@@]3([C@H]([C@H]2[C@]([C@@]1(C(=CC(=O)C=C1)[C@H](C2)F)C)(F)[C@H](C3)O)C[C@H]4OC(O5)(C)C)C)C(CO)=O,1
[C@H]24[C@H]1[C@@]([C@@H](C(C(OCCCC)=O)=O)[C@@H](C1)C)(C[C@@H]([C@@H]2[C@@]3(C(=CC(=O)C=C3)[C@H](C4)F)C)O)C,1
[C@H]24[C@H]1[C@@]([C@@H](C(CO)=O)[C@@H](C1)C)(C[C@@H]([C@@H]2[C@@]3(C(=CC(=O)C=C3)[C@H](C4)F)C)O)C,1
[C@]23([C@H]([C@H]1[C@]([C@](C(C)=O)(O)CC1)(C)C[C@@H]2O)C[C@H](C)C4=CC(=O)C=C[C@]34C)F,1
C1=CC=CC3=C1C(=NC2=C(C=CC(=C2)F)C3)N4CCN(C)CC4,1
[C@H]23[C@@]([C@@]1(C(=CC(=O)C=C1)CC2)C)([C@H](C[C@]4([C@H]3CC[C@@]4(C([C@@H](OC(C)=O)C)=O)O)C)O)F,1
[C@]34([C@H]([C@H]2[C@@]([C@@]1(C(=CC(C=C1)=O)CC2)C)(C(C3)O)F)CC([C@@]4(C(=O)CO)O)=C)C,1
[C@H]24[C@H]1[C@@]([C@](C(CO)=O)(O)CC1)(C[C@@H]([C@@H]2[C@@]3(C(=CC(=O)C=C3)[C@H](C4)F)C)O)C,1
[C@@]4(OC(=O)CCCC)(C3(C(C2C(C1(C(=CC(=O)C=C1)C(F)C2)C)C(O)C3)CC4)C)C(=O)CO,1
C1=C(F)C=CC3=C1C=C(SCCNC)C2=CC=CC=C2O3,1
[C@@]45([C@@]3([C@H]([C@H]2[C@@H]([C@@]1(C(=CC(=O)CC1)[C@H](C2)F)C)[C@H](C3)O)C[C@H]4OC(O5)(C)C)C)C(CO)=O,1
C1=CC(=CC=C1N2C4(C(NC2)=O)CCN(CCCC(C3=CC=C(F)C=C3)=O)CC4)F,1
C1=C(Cl)C=CC2=C1C(=NCC(N2CC3CC3)=O)C4=CC=CC=C4F,1
C1=CC=CC=C1CC(N(CC2=CC=CO2)C)C,1
[C@]234C1=C(C=CC(=C1O[C@H]2C[C@@H](O)C=C3)OC)CN(CC4)C,1
C2=C(C(C1CCCCC1)CCN(C)C)C=CC=C2,1
NC(=N)NCCCOc1ccccc1,1
C1=C(Cl)C=CC2=C1C(=NCC(=O)N2CC(F)(F)F)C3=CC=CC=C3,1
[C@H]23[C@@]([C@@]1(C(=CC(C(=C1)Cl)=O)[C@H](C2)F)C)([C@H](C[C@]4(C3C[C@H]([C@@]4(C(CO)=O)O)C)C)O)F,1
C(C2(C1=CCCCCC1)C(NC(=O)NC2=O)=O)C,1
C1=CC=CC2=C1C(C3=C(CC2)C=CC=C3)OC4CCN(C)CC4,1
C1=CC(=CC=C1C(N2CCN(C)CCC2)C3=CC=CC=C3)Cl,1
C1=C(C(F)(F)F)C=CC3=C1N(C2=C(C=CC=C2)S3)CCCN4CCN(CCO)CCC4,1
[C@]34([C@H]([C@H]2[C@@H]([C@@]1(C(=CC(=O)CC1)CC2)C)[C@H](C3)O)CC[C@@]4(C(COC(C)=O)=O)O)C,1
[C@@]4([C@@]3([C@H]([C@H]2[C@@H]([C@@]1(C(=CC(=O)CC1)CC2)C)[C@H](C3)O)CC4)C)(C(COC(CC)=O)=O)OC(CCC)=O,1
[C@]4([C@@]3([C@H]([C@H]2[C@@H]([C@@]1(C(=CC(=O)CC1)CC2)C)[C@H](C3)O)CC4)C)(OC(CCC)=O)C(CO)=O,1
[C@@]125C3=C4C[C@H]([C@@H]1CCC([C@@H]2OC3=C(C=C4)O)=O)N(C)CC5,1
C2=C(C1(C(OCC)=O)CCN(C)CC1)C=CC=C2O,1
[C@@]4([C@@]3([C@H]([C@H]2[C@]([C@@]1(C(=CC(=O)C=C1)CC2)C)(Cl)[C@H](C3)O)C[C@H]4C)C)(C(COC(C)=O)=O)OC(CCC)=O,1
C2=C(C1(C(NC(=O)CN1)=O)CC)C=CC=C2,1
C1=CC=CC2=C1C(=C[NH]2)CCC3CCNCC3,1
CN(C)CC#CC=C2c1ccccc1C=Cc3ccccc23,1
C1=CC=CC3=C1C2=C(CCCCCC2)[N]3CCCN(C)C,1
C1=CN=CC=C1C(NNC(C)C)=O,1
C1=CC=CC=C1C(C2=CC=CC=C2)(C(CN(C)C)C)C(CC)=O,1
[C@@]4(O)(C3(C(C2C(C1(C(=CC(=O)CC1)C=C2)C)C(O)C3)CC4=C)C)C(=O)CO,1
C1=CC=CC3=C1N(C2=C(C=CC=C2)S3)CC(N(CC)CC)C,1
C1=CC=CC2=C1N(C3=C(CC2=O)C=CC=C3)CCCN(C)C,1
[C@]235[C@H]([C@H](N(CC1CC1)CC2)CC4=C3C(=CC=C4)O)CCC(C5)=O,1
[C@H](CC1=CC(=C(C=C1)O)O)(C(O)=O)N,1
[C@H](CN1C3=C(SC2=C1C=CC=C2)C=CC(=C3)OC)(CN(C)C)C,1
C13(C4=C(C(C2=C1C=CC=C2)CC3)C=CC=C4)C[C@H](CNC)O,1
[C@H]5(CN(C(C3=C2C1=CC(=CC=C1CCN2C(=O)C(=C3)C4=CC=CC=C4)Cl)=O)CC5)OCC,1
C2=C(COC1CCNCC1)C=CC3=C2C=CC=C3,1
C3=C(C(CC2N(C(CC(C1=CC=CC=C1)=O)CCC2)C)O)C=CC=C3,1
C1=CC(=NN=C1C2=C(Cl)C=CC=C2)N3CCC(O)CC3,1
C3=C(N2CCN(C\C=C\C1=CC=CC=C1)CC2)N=NC(=C3)Cl,1
C1=CC(=CC(=C1\C(=C\[N]2C=NC=N2)Cl)Cl)Cl,1
[C@@H]1([C@H]3[C@@H](CC2=C1C=C(Cl)C=C2)CN(C3)C)C4=CC=CC=C4,1
C1=CC=CC3=C1C4=C(C2=C(C=CC=C2)O3)CCN(CC4)C,1
C3=C(CN2CCN(C1=C(OC(C)C)C=CC=C1)CC2)C=CC=C3C(=O)N4CCCCC4.C(C(=O)O)CC(=O)O,1
C2=C(OC(OC1=CC=CC=C1)CN(C)C)C=CC=C2,1
C1=CC(=CC(=C1OC)OC)CCN2CCN(CC2)C3=CC(=CC=C3)Cl,1
C1=C([N+](=O)[O-])C=CC2=C1C(=NCC(N2C)=O)C3=CCCCC3,1
C2=C(C1(C(N(C)C(N1)=O)=O)CC)C=CC=C2,1
C2=C(C1(C(N(C(NC1=O)=O)C)=O)CC)C=CC=C2,1
C1=C(C=CC=C1N3CCN(CCC2=N[NH]C(=C2)C)CC3)Cl,1
[C@H]12[C@@]([C@](C(CO)=O)(O)[C@H](C1)C)(CC(=O)[C@H]3[C@H]2CCC4=CC(=O)C=C[C@]34C)C,1
C1=C(Br)C=CC2=C1C(=NCC(N2C)COC)C3=CC=CC=C3Cl,1
C1=CC=CC(=C1)C(=O)C(C)N(C)C,1
C1=CC=CC2=C1C(CC3=C(N2C)C=CC=C3)NC,1
C1=C(C=C(C=C1OCC2CNC(O2)=O)C)C,1
C1=CC(=CC2=C1CC3C(C2(CCN3C)C)C)O,1
C1=CC=CC=C1C2(N(C(=O)NC2=O)C)CC,1
C1=CC=CC=C1C(C2=CC=CC=C2)(C(CC)=O)CC(N(C)C)C,1
C1=CC=CC=C1/C=C/C2C(NC(O2)(C)C)=O,1
C1=C(SC)C=CC3=C1N(C2=C(C=CC=C2)S3)CC(CN(C)C)C,1
C2=C(C1(C(N(C)C(C1)=O)=O)C)C=CC=C2,1
[C@H]24[C@H]1[C@@]([C@](C(CO)=O)(O)CC1)(C[C@@H]([C@@H]2[C@@]3(C(=CC(=O)C=C3)[C@H](C4)C)C)O)C,1
[C@H]24[C@H]1[C@@]([C@](C(COC(C)=O)=O)(O)CC1)(C[C@@H]([C@@H]2[C@@]3(C(=CC(=O)C=C3)[C@H](C4)C)C)O)C,1
[C@H]24[C@H]1[C@@]([C@](C(COC(CCC(O)=O)=O)=O)(O)CC1)(C[C@@H]([C@@H]2[C@@]3(C(=CC(=O)C=C3)[C@H](C4)C)C)O)C,1
C1=C(SC)C=CC4=C1C(N2CCN(C)CC2)CC3=C(C=CC=C3)S4,1
C1=NC=C([N]1C(C2=CC=CC=C2)C)C(=O)OC,1
C1=CC=CC2=C1N(CC3=C(C2)C=CC=C3)CCCNC,1
C1=CC(=CC3=C1[N]2C(=CN=C2C)CN=C3C4=CC=CC=C4F)Cl,1
C1=CC(=CC2=C1N(C(=O)N2)CCCN4CCC(C(C3=CC=C(F)C=C3)=O)CC4)Cl,1
C1=C(OC)C(=CC2=C1C(=C(C)[NH]2)CCN4CCN(C3=CC=CC=C3OC)CC4)OC,1
[C@]1([C@H](C1)CN)(C(=O)N(CC)CC)C2=CC=CC=C2.[H+].[Cl-],1
C1=CC(=CC2=C1C(=C([NH]2)C)C4CCN(CCCC(C3=CC=C(F)C=C3)=O)CC4)OC,1
C1=NC=CN=C1N(C3CCN(CCC2=CC=CC=C2)CC3)C(C4=CC=CO4)=O,1
C1=CN=C(C(=N1)N2CCCCC2)C,1
C1=C(CC\C(CN)=C/F)C=CC(=C1)F,1
C(C1=C(C)[NH]C3=C1C(C(CN2CCOCC2)CC3)=O)C,1
[C@]3(C1=CC=CC=C1)(C(C2=C(C=CC=C2)CC3)=O)CCN(C)C,1
C5CC(CN1CCC(C1)c2ccccc2)c4ccc3OCOc3c4C5,1
C1=C4C(=C2C(=C1)C=CC=C2)CC3CN(C)CC(C3(O4)O)C,1
C(C1(C(NC(=O)NC1=O)=O)CC=C)C(C)(C)C,1
C1=CC=CC=C1CN2C(CC(C2)CN)=O,1
C1=CC=CC3=C1C(C2=CC=CC=C2)OCCN(C3)C,1
[C@H]2(NC(=O)C1=C(OC)C=C(NC)C(=C1)Cl)[C@H](N(CC2)CC3=CC=CC=C3)C,1
C2=C1C(=NN=C(CC1=CC(=C2OC)OC)C)C3=CC=C(N)C=C3,1
C1=CC(=C3C2=C1CC6C4C2(C(O3)C(CC4)OC(C5=CN=CC=C5)=O)CCN6C)OC,1
C1=CC(=CC=C1C(CCCN2CC3CCC(C2)CC3)=O)F,1
C1=CC(=C3C2=C1CC5C4C2(C(O3)C(O)C=C4)CCN5)OC,1
C2=C(C(C1=CC=CC=C1)(CCN(C)C)C(CC)=O)C=CC=C2,1
C3=C(N(C2CCN(CCC1=CC=CC=C1)CC2)C(COC)=O)C(=CC=C3)F,1
[C@@H]4(C1=CC=CC2=C1OCC2)C3=CC(=C(Cl)C=C3CCN(C4)C)O.CC(=O)O,1
C1=C3C(=CC=C1)N=C2SC(=CC2=C(N3)N4CCN(CC4)C)C,1
C1=CC=CC2=C1N(C3=C(C=C2)C=CC=C3)CCCN4CCN(CCO)CC4,1
O1CCCCC1C(=O)N,1
[C@@]12(C3=C(NC(CN1C[C@H](O2)C)=O)C=CC(=C3)Cl)C4=CC=CC=C4,1
[C@]235[C@]([C@H](N(CC1CC1)CC2)CC4=C3C=C(O)C=C4)(CCCC5)O,1
C1=CC=CC3=C1N(C2=C(C=CC=C2)[S]3(=O)=O)CC(CN(C)C)C,1
C1=C(OC)C(=CC2=C1C(=C(C)[NH]2)CCN4CCN(C3=CC=CC=C3)CC4)OC,1
C1=C(OC)C=CC3=C1N(C2=C(C=CC=C2)S3)CCC4N(CCCC4)C,1
N(C(=O)C)C1=CC=C(O)C=C1,1
C(C)C1(C)C(=O)N(C(O1)=O)C,1
[C@]12(C(=CC(C=C1)=O)[C@H](C[C@H]3[C@H]4[C@](C[C@@H]([C@H]23)O)([C@](C(=O)CO)(O)[C@@H](C4)C)C)F)C,1
C1=C(NC(CC)=O)C=CC(=C1)O,1
C1=CC=CC2=C1N(C(CO2)=O)CC(N)=O,1
C1=NC2=C([N]1CCC(CO)CO)NC(=NC2=O)N,1
CC(C)CCNCC2COc1ccccc1O2,1
C2C1=NN=N[N]1CCCC2,1
C1=C(C=CC3=C1N(CCCN2CCC(CC2)O)C4=C(S3)C=CC=C4)C#N,1
C1=C(OC)C=CC3=C1N(C2=C(C=CC=C2)S3)CC(CN4CCC(O)CC4)C,1
C2=C(C1=CC=CC=C1)ON=C2C(CN3CCCCC3)O,1
CC(=O)OC(C1CCCCN1)c2ccccc2,1
C1=C(C(C(C)(C)O)(C)O)C=CC(=C1)Cl,1
[C@H]2(C1=CC=CC=C1)[C@@H](N(CCO2)C)C,1
[Cl].C1=CC=CC=C1CCNN,1
C1=CC=CC=C1CC(NN)C,1
C1=C(O)C=CC4=C1C35C(C(N(CCC2=CC=CC=C2)CC3)C4)CCCC5,1
C1=CC=CC3=C1C(C2=C(C=CC=C2)S3)=C4CCN(C)CC4,1
C3=C(C1(C(OCC)=O)CCN(CC1)CCCNC2=CC=CC=C2)C=CC=C3,1
C1=C(Cl)C=CC2=C1C(=NCC(N2CC#C)=O)C3=CC=CC=C3,1
C1=C([S](N(C)C)(=O)=O)C=CC3=C1N(C2=C(C=CC=C2)S3)CCCN4CCC(CCO)CC4,1
C1=C(C=CC=C1)C(C2=CC=CC=C2)(C3NCCCC3)O,1
C4Oc3ccc(CN1CCN(CC1)c2ncccn2)cc3O4,1
C1=CSC2=C1C(C3=C(CC2)C=CC=C3)=C4CCN(CC4)C,1
C1=CC=CC2=C1N(C3=C(CC2)C=CC=C3)CCCN(C)C,1
[C@]34([C@H]([C@H]2[C@@H]([C@@]1(C(=CC(=O)C=C1)CC2)C)[C@H](C3)O)CC[C@@]4(C(COC(C)=O)=O)O)C,1
[C@]14([C@@](C(=O)COC(CCC(=O)[O-])=O)(CC[C@H]1[C@@H]3CCC2=CC(C=C[C@@]2([C@H]3[C@H](C4)O)C)=O)O)C.[Na+],1
C(C)CCC(=O)OC3(CCC4C2CCC1=CC(=O)C=CC1(C)C2C(O)CC34C)C(=O)CO,1
C1=C2C(=C([N]1C)C)C(=NCC(N2)=O)C3=CC=CC=C3,1
C1=C(C(=CC=C1C#N)OC)C(NCCN3CCC(C(C2=CC=C(F)C=C2)=O)CC3)=O,1
[C@@]23(F)C1(C(=CC(=O)C=C1)[C@@H](F)CC2C5C(CC3O)([C@]4(C(=O)COC(=O)CC)OC(O[C@@H]4C5)(C)C)C)C,1
C1=CC=CC=C1C2CN(C(NCCC)=O)C(O2)=O,1
C1=CC=CC2=C1N(C3=C(S2)C=CC=C3)CC(C)N(C)C,1
C1=NC=C([N]1C(C2=CC=CC=C2)C)C(OCCC)=O,1
C1=C([S](N)(=O)=O)C=CC(=C1C(NCC2N(CCC2)CCC)=O)OC,1
C1=CC=CC2=C1N(C3=C(S2)C=CC=N3)CCCN(C)C,1
C(C1(C(C=CNC1=O)=O)CC)C,1
C2=C(C(C(N1CCCC1)CCC)=O)C=CC(=C2)C,1
C1=CC=CC4=C1N(C2C3CCN(C2)CC3)C5=C(CC4)C=CC=C5,1
C1=C(Cl)C(=C(C=C1)C)NC(=O)/C=C/2SCC(=O)N2C,1
C3=C(N2C1=C([NH]N=C1N(C(=O)CC2=O)C)C)C=CC=C3,1
[C@H](C1=CC=CC=C1)([C@@H]2CNCCO2)OC3=CC=CC=C3OCC,1
[C@H]2(CNC(C1=C(C=CC(=C1OC)Br)OC)=O)N(CCC2)CC,1
C1=CC=CC4=C1C(N(CCCN3CCN(C2=NC=CC=N2)CC3)[S]4(=O)=O)=O,1
C1=C(Cl)C=CC\3=C1C=C(N2CCN(C)CC2)C4=C(C3=C/C#N)C=CC=C4,1
[H+].C1=C(OC(F)(F)F)C=CC2=C1SC(=N2)N.[Cl-],1
COC(C(F)Br)(F)F,1
C1=C(C(=C(C=C1C(\C=C\N2CC=CC2)=O)OC)OC)OC,1
O=C1N2C(CC1)CCC2=O,1
C4=C(C(N2CCN(\N=C\C1=NC(=CC=C1)C)CC2)C3=CC=CC=C3)C=CC=C4,1
C1=C(C(N)=O)N=N[N]1CC2=C(C=CC=C2F)F,1
C1=CC=CC2=C1N=C(S2)N(C4CCN(CC(COC3=CC=C(C=C3)F)O)CC4)C,1
NCCC(Oc1ccc(cc1)C(F)(F)F)c2ccccc2,1
C4=C(C(C3CCN(CCC1=C(N=C2N(C1=O)CCS2)C)CC3)=O)C=CC(=C4)F,1
C3=C(C2=C(N=C(N1CCN(C)CC1)N=C2)N)C(=C(C=C3Cl)Cl)Cl,1
[C@@H]3(C1=CC=C(Cl)C=C1)[C@H]2CC[C@@H](C2)C34CCC(=N4)N5CCOCC5,1
C1=CC=CC=C1N2C5(C(NC2)=O)CCN(CC4OC3=C(C=CC=C3)OC4)CC5,1
C1=C(Cl)C=CC2=C1C(=NCC(=S)N2C)C3=CC=CC=C3,1
C(C([S](CC)(=O)=O)([S](CC)(=O)=O)C)C,1
C1=C([S](=O)(=O)N)C=CC(=C1C(NCC2N(CC)CCC2)=O)OC,1
C1=CC=CC3=C1C(N(C2C(NCCC2)=O)[S]3(=O)=O)=O,1
C5=C2C1=C(CCC4=C(C1CN3CCCCC23)C=CC=C4)C=C5,1
C(C(C)C1(CC=C)C(=O)NC(NC1=O)=O)C,1
C3=C2C(=NC1=CSC=C1C(/C2=CS3)=C/C#N)N4CCN(C)CC4,1
C1=CC=CC(=C1CC2=CC=CS2)OCC3OCCNC3.O=C(O)\C=C/C(=O)O,1
C1=C(Cl)C=CC2=C1C(=NCC(=O)N2C)C3=CCCCC3,1
C(C1(C(CCC)CC)C(NC(=S)NC1=O)=O)C,1
C1=C([S](C)(=O)=O)C=CC(=C1C(NCCN(CC)CC)=O)OC,1
[C@]14([C@](OC(=O)CC)([C@@H](CC1C3[C@@](F)(C2(C(=CC(=O)C=C2)[C@@H](F)C3)C)[C@@H](O)C4)C)C(SC)=O)C,1
C1=CSC2=C1N(C3=C(C=C2)C=CC=C3)CCCN(C)C,1
C1=C4C(=C2C(=C1F)SC=C2C)C3=C(CCN(C3)CC)[NH]4,1
C1=C(SC=C1)C2(C(CCCC2)=O)NCC,1
CSC(=O)C3(O)C(C)CC4C2CCC1=CC(=O)C=CC1(C)C2(F)C(O)CC34C,1
C1=CC(=CC=C1B2OCC(CCC)(C)CO2)C,1
C2=C(N1CC(CO)OC1=O)C=CC=C2C,1
[C@H](OC1=C(C=CC=C1)C)(C2=CC=CC=C2)CCNC,1
C1=CC=CC(=C1N3CCN(CCCOC2=CC=CC=N2)CC3)C,1
[C@H]2(C1=CC(=C(OC)C=C1CCN(C2)C)OC)C3=CC=CC=C3,1
[C@@]45([C@@]3([C@H]([C@H]2[C@]([C@@]1(C(=CC(=O)C=C1)CC2)C)(F)[C@H](C3)O)C[C@H]4OC(O5)(C)C)C)C(CO)=O,1
[C@]34([C@H]([C@H]2[C@]([C@@]1(C(=CC(=O)C=C1)CC2)C)(F)[C@H](C3)O)C[C@H]([C@@]4(C(COC(C)=O)=O)O)OC(C)=O)C,1
[C@@]45([C@@]3([C@H]([C@H]2[C@]([C@@]1(C(=CC(=O)C=C1)CC2)C)(F)[C@H](C3)O)C[C@H]4OC(O5)(C)C)C)C(COC(CC(C)(C)C)=O)=O,1
C1=C(NC(C(Cl)(Cl)Cl)=O)C=CC(=C1)O,1
C1=C(C(F)(F)F)C=CC3=C1N(C2=CC=CC=C2)C(CC(N3C)=O)=O,1
C1=CC=C2C(=C1)SC3=C(N2CC(C)CN(C)C)C=C(C=C3)C(F)(F)F,1
C1=C(C=CC3=C1N(CCCN2CCN(CC2)C)C4=C(S3)C=CC=C4)C(F)(F)F,1
CC1(C(N(C(O1)=O)C)=O)C,1
[C@H]13N([C@H](CC(C1)NC(C2=CC=CC(=C2OC)OC)=O)CC3)CC4=CC=CC=C4,1
C1=C2C(=CC=C1)N(C(Cl)(CN=C2C3=CC=CC=C3Cl)CO)C,1
CC4CC3C2CC(F)C1=CC(=O)C=CC1(C)C2(F)C(O)CC3(C)C4(O)C(=O)CCl,1
C(C(C(N)=O)(CC)CC)C=C,1
C(C(C(CC)C)C(N)=O)C,1
[C@@H]1(C[C@H]3[C@H]2[C@@]1(O[C@H](O[C@H]2OC)[C@@H]3C)CN4CCCCC4)O,1
C(C(CCC)C(N)=O)CC,1
C(C1(C(NC(=O)NC1=O)=O)C(=C/CC)/C)C,1
C(C(C1(C(NC(=O)NC1=O)=O)C=C)C)CC,1
C1=C(OC)C=CC2=NC=CC(=C12)CCCC3C(CNCC3)C=C,1
C(OC1=NSN=C1C2=CCCN(C2)C)CCCCC,1
C2=N[N]1C(=CC=NC1=C2C#N)C3=CC(=CC=C3)N(C(C)=O)CC,1
C2=C(\C(C1=CC=CN=C1)=C\CN(C)C)C=CC(=C2)Br,1
C3=C(N2C1=C([N](C)N=C1C)N(C(=O)CC2=O)C)C=CC=C3,1
C3=C(C1=NCCN=C2N(NC(=C12)C)C)C=CC=C3Cl,1
[N+](=[N-])=O,1
C1=C(Cl)C(=C(C2=C1NC(=O)C(N2)=O)[N+](=O)[O-])Cl,1
[C@H]3([N]2C1=C(C(=NC=N1)N)N=C2)[C@@H]([C@@H]([C@H](O3)C[S+](CC[C@@H](C([O-])=O)N)C)O)O,1
[O+]1=N[N](C=C1[N-]C(NC2=CC=CC=C2)=O)C(CC3=CC=CC=C3)C,1
C1=C(OC)C(=CC2=C1C(=[N+](C(=C2CC)C)[NH-])C3=CC=C(C(=C3)OC)OC)OC,1
[N+](=NCC(=O)N[C@@H]([C@H](O)C1=CC=C([N+]([O-])=O)C=C1)CO)=[N-],1
